Gmt time,Open,High,Low,Close
2014-11-28 00:00:00,363.59,381.34,360.57,376.28
2014-11-29 00:00:00,376.42,386.6,372.25,376.72
2014-11-30 00:00:00,376.57,381.99,373.32,373.34
2014-12-01 00:00:00,376.4,382.31,373.03,378.39
2014-12-02 00:00:00,378.39,382.86,375.23,379.25
2014-12-03 00:00:00,379.25,383.0,374.23,376.67
2014-12-04 00:00:00,376.67,378.99,360.01,365.2
2014-12-05 00:00:00,365.2,377.89,363.99,374.95
2014-12-06 00:00:00,374.95,376.99,371.31,375.07
2014-12-07 00:00:00,375.07,377.5,373.16,376.87
2014-12-08 00:00:00,376.87,377.45,364.6,364.61
2014-12-09 00:00:00,364.61,365.48,343.97,350.49
2014-12-10 00:00:00,350.49,353.74,347.23,348.13
2014-12-11 00:00:00,348.13,364.43,339.8,348.98
2014-12-12 00:00:00,348.98,358.59,348.0,354.48
2014-12-13 00:00:00,354.48,354.95,347.03,351.45
2014-12-14 00:00:00,351.45,351.98,348.96,350.17
2014-12-15 00:00:00,350.17,350.17,350.17,350.17
2014-12-16 00:00:00,350.17,350.17,330.0,330.02
2014-12-17 00:00:00,331.56,335.99,315.23,321.1
2014-12-18 00:00:00,321.32,325.61,304.99,312.17
2014-12-19 00:00:00,310.48,320.0,307.11,318.0
2014-12-20 00:00:00,317.23,333.0,316.52,329.99
2014-12-21 00:00:00,332.58,332.98,318.78,323.15
2014-12-22 00:00:00,322.24,333.99,319.9,330.52
2014-12-23 00:00:00,330.52,338.99,327.49,335.49
2014-12-24 00:00:00,337.0,337.0,320.92,322.14
2014-12-25 00:00:00,320.92,324.23,316.63,319.39
2014-12-26 00:00:00,319.0,332.0,316.64,330.88
2014-12-27 00:00:00,330.97,330.97,311.63,315.89
2014-12-28 00:00:00,315.89,319.56,311.22,316.63
2014-12-29 00:00:00,316.63,320.14,311.61,314.78
2014-12-30 00:00:00,314.78,316.77,310.0,311.94
2014-12-31 00:00:00,311.94,320.0,310.69,319.25
2015-01-01 00:00:00,319.25,321.0,312.6,316.31
2015-01-02 00:00:00,316.31,317.01,311.96,316.51
2015-01-03 00:00:00,316.51,316.58,285.0,286.01
2015-01-04 00:00:00,286.01,289.81,255.0,264.62
2015-01-05 00:00:00,264.62,280.0,262.94,276.8
2015-01-06 00:00:00,276.8,276.8,276.8,276.8
2015-01-07 00:00:00,276.8,276.8,276.8,276.8
2015-01-08 00:00:00,276.8,276.8,276.8,276.8
2015-01-09 00:00:00,276.8,276.8,276.8,276.8
2015-01-10 00:00:00,276.8,276.8,276.8,276.8
2015-01-11 00:00:00,276.8,276.8,276.8,276.8
2015-01-12 00:00:00,270.4,272.43,263.54,268.16
2015-01-13 00:00:00,268.16,268.72,216.0,221.0
2015-01-14 00:00:00,221.0,230.89,152.4,162.0
2015-01-15 00:00:00,162.0,233.9,161.1,208.81
2015-01-16 00:00:00,214.77,223.15,198.04,206.6
2015-01-17 00:00:00,206.6,212.84,192.17,200.1
2015-01-18 00:00:00,200.1,222.0,195.02,211.42
2015-01-19 00:00:00,210.05,220.94,207.7,216.88
2015-01-20 00:00:00,217.84,217.84,201.98,211.08
2015-01-21 00:00:00,211.08,228.9,205.0,228.59
2015-01-22 00:00:00,228.59,239.0,226.01,233.0
2015-01-23 00:00:00,233.0,240.0,225.55,233.03
2015-01-24 00:00:00,233.03,249.99,230.03,249.99
2015-01-25 00:00:00,249.99,257.0,241.33,253.09
2015-01-26 00:00:00,253.09,309.9,253.09,269.5
2015-01-27 00:00:00,269.5,278.51,243.1,262.99
2015-01-28 00:00:00,262.99,266.45,225.91,236.2
2015-01-29 00:00:00,236.2,242.18,220.0,234.75
2015-01-30 00:00:00,234.75,244.98,227.26,232.6
2015-01-31 00:00:00,232.6,234.8,215.75,217.98
2015-02-01 00:00:00,217.98,220.81,208.48,214.8
2015-02-02 00:00:00,214.8,241.98,214.8,237.97
2015-02-03 00:00:00,237.97,244.39,223.79,227.35
2015-02-04 00:00:00,227.35,231.0,220.02,227.0
2015-02-05 00:00:00,227.0,228.94,213.64,217.0
2015-02-06 00:00:00,216.81,225.86,214.95,222.88
2015-02-07 00:00:00,223.37,231.14,221.77,228.61
2015-02-08 00:00:00,228.3,232.89,219.7,224.19
2015-02-09 00:00:00,224.19,225.99,215.0,220.72
2015-02-10 00:00:00,220.72,222.0,215.0,220.95
2015-02-11 00:00:00,220.95,223.43,217.99,219.12
2015-02-12 00:00:00,219.55,223.07,218.17,222.46
2015-02-13 00:00:00,223.0,242.35,221.37,236.86
2015-02-14 00:00:00,237.0,259.31,236.9,257.9
2015-02-15 00:00:00,256.99,265.89,227.75,234.01
2015-02-16 00:00:00,234.01,241.23,229.2,236.55
2015-02-17 00:00:00,236.55,248.78,232.01,244.96
2015-02-18 00:00:00,244.96,247.0,232.24,235.79
2015-02-19 00:00:00,237.37,245.01,235.66,242.67
2015-02-20 00:00:00,240.59,248.96,239.41,246.1
2015-02-21 00:00:00,245.48,247.48,244.0,245.87
2015-02-22 00:00:00,245.41,247.42,232.48,236.68
2015-02-23 00:00:00,236.68,240.66,232.05,238.92
2015-02-24 00:00:00,239.65,240.88,236.3,239.69
2015-02-25 00:00:00,239.94,240.61,236.0,238.0
2015-02-26 00:00:00,237.97,238.55,234.01,236.7
2015-02-27 00:00:00,236.7,256.15,236.16,253.06
2015-02-28 00:00:00,253.06,254.29,245.2,252.98
2015-03-01 00:00:00,253.47,260.0,245.0,255.81
2015-03-02 00:00:00,258.34,274.81,256.0,274.0
2015-03-03 00:00:00,274.0,284.95,265.89,279.0
2015-03-04 00:00:00,279.0,283.88,264.94,269.83
2015-03-05 00:00:00,269.83,280.5,262.2,273.8
2015-03-06 00:00:00,273.8,276.46,269.0,273.26
2015-03-07 00:00:00,273.26,279.48,270.0,275.59
2015-03-08 00:00:00,275.59,277.59,271.12,274.89
2015-03-09 00:00:00,274.89,289.0,274.17,287.0
2015-03-10 00:00:00,287.0,296.8,283.96,290.24
2015-03-11 00:00:00,290.24,296.74,285.83,295.11
2015-03-12 00:00:00,295.11,297.95,289.0,295.56
2015-03-13 00:00:00,295.56,295.84,282.99,284.4
2015-03-14 00:00:00,284.4,287.69,280.46,282.7
2015-03-15 00:00:00,282.7,287.75,281.42,286.4
2015-03-16 00:00:00,286.4,294.26,285.78,289.7
2015-03-17 00:00:00,289.7,292.99,281.9,284.46
2015-03-18 00:00:00,284.46,284.48,249.02,257.29
2015-03-19 00:00:00,257.29,265.95,249.0,262.01
2015-03-20 00:00:00,262.01,265.27,257.0,262.09
2015-03-21 00:00:00,262.09,262.62,256.25,259.8
2015-03-22 00:00:00,259.8,272.0,259.24,269.39
2015-03-23 00:00:00,269.39,270.07,259.5,265.84
2015-03-24 00:00:00,265.84,266.52,241.84,246.93
2015-03-25 00:00:00,246.93,250.0,236.4,247.68
2015-03-26 00:00:00,247.68,253.75,244.91,249.46
2015-03-27 00:00:00,249.46,250.52,245.12,248.09
2015-03-28 00:00:00,248.09,253.83,247.17,252.31
2015-03-29 00:00:00,252.31,252.96,239.96,242.19
2015-03-30 00:00:00,242.19,248.86,236.52,247.69
2015-03-31 00:00:00,247.69,248.59,238.55,243.98
2015-04-01 00:00:00,243.98,246.83,239.32,245.98
2015-04-02 00:00:00,245.98,256.96,244.52,253.16
2015-04-03 00:00:00,253.16,256.67,251.23,253.79
2015-04-04 00:00:00,253.79,255.85,250.76,253.45
2015-04-05 00:00:00,253.45,261.0,251.65,260.5
2015-04-06 00:00:00,260.5,262.98,254.0,255.83
2015-04-07 00:00:00,255.83,256.62,251.5,254.45
2015-04-08 00:00:00,254.45,254.96,243.06,244.09
2015-04-09 00:00:00,244.09,246.3,238.47,243.53
2015-04-10 00:00:00,243.53,243.94,231.0,234.77
2015-04-11 00:00:00,234.77,239.42,233.0,237.34
2015-04-12 00:00:00,237.34,237.5,233.42,236.3
2015-04-13 00:00:00,236.3,236.9,219.64,222.87
2015-04-14 00:00:00,222.87,224.79,210.0,216.42
2015-04-15 00:00:00,216.42,222.43,214.05,221.51
2015-04-16 00:00:00,221.51,229.67,221.51,227.59
2015-04-17 00:00:00,227.59,228.29,220.0,221.86
2015-04-18 00:00:00,221.86,224.72,220.32,223.14
2015-04-19 00:00:00,223.14,227.35,221.91,222.89
2015-04-20 00:00:00,222.89,226.51,221.43,224.07
2015-04-21 00:00:00,224.07,235.61,223.91,234.13
2015-04-22 00:00:00,234.13,238.64,229.1,233.0
2015-04-23 00:00:00,233.0,236.22,232.01,235.14
2015-04-24 00:00:00,235.14,236.0,228.0,231.06
2015-04-25 00:00:00,231.06,232.29,225.7,226.28
2015-04-26 00:00:00,226.28,227.26,214.98,219.49
2015-04-27 00:00:00,219.49,229.93,217.52,226.01
2015-04-28 00:00:00,226.01,228.06,221.45,225.11
2015-04-29 00:00:00,225.11,226.99,221.81,225.49
2015-04-30 00:00:00,225.49,240.0,224.6,235.75
2015-05-01 00:00:00,235.75,239.23,231.04,231.96
2015-05-02 00:00:00,231.96,234.9,229.87,233.9
2015-05-03 00:00:00,233.9,242.25,232.31,239.18
2015-05-04 00:00:00,239.18,242.2,236.07,237.93
2015-05-05 00:00:00,237.93,238.99,229.66,234.37
2015-05-06 00:00:00,234.37,235.98,227.01,229.78
2015-05-07 00:00:00,229.78,240.0,227.35,236.82
2015-05-08 00:00:00,236.82,246.57,235.29,243.16
2015-05-09 00:00:00,243.16,247.01,238.62,241.4
2015-05-10 00:00:00,241.4,244.99,238.02,239.08
2015-05-11 00:00:00,239.08,241.0,237.99,239.0
2015-05-12 00:00:00,240.06,242.0,238.56,241.3
2015-05-13 00:00:00,241.3,244.14,235.06,236.9
2015-05-14 00:00:00,236.9,239.7,232.22,236.95
2015-05-15 00:00:00,236.95,239.28,235.12,237.12
2015-05-16 00:00:00,237.12,237.4,234.0,235.6
2015-05-17 00:00:00,235.6,237.0,234.15,236.05
2015-05-18 00:00:00,236.05,236.94,231.44,232.24
2015-05-19 00:00:00,232.24,234.24,230.86,231.69
2015-05-20 00:00:00,231.69,234.86,231.0,233.8
2015-05-21 00:00:00,233.8,236.52,233.75,235.49
2015-05-22 00:00:00,235.49,240.9,232.92,238.99
2015-05-23 00:00:00,238.99,240.67,237.4,237.71
2015-05-24 00:00:00,237.71,241.64,237.66,239.68
2015-05-25 00:00:00,239.68,240.1,233.1,235.48
2015-05-26 00:00:00,235.48,236.23,235.0,236.21
2015-05-27 00:00:00,236.21,237.35,234.0,235.34
2015-05-28 00:00:00,235.34,236.8,234.87,236.46
2015-05-29 00:00:00,236.46,236.52,234.0,236.02
2015-05-30 00:00:00,236.02,236.21,231.0,232.07
2015-05-31 00:00:00,232.07,232.51,228.0,229.08
2015-06-01 00:00:00,229.08,231.2,220.65,223.67
2015-06-02 00:00:00,223.67,226.38,221.34,224.78
2015-06-03 00:00:00,224.78,226.99,222.57,225.11
2015-06-04 00:00:00,225.11,225.98,222.0,222.37
2015-06-05 00:00:00,222.37,225.9,219.03,224.49
2015-06-06 00:00:00,224.49,225.26,223.07,224.36
2015-06-07 00:00:00,224.36,225.48,221.86,222.86
2015-06-08 00:00:00,222.86,229.4,222.09,228.11
2015-06-09 00:00:00,228.11,230.79,226.67,229.49
2015-06-10 00:00:00,229.49,229.75,226.83,227.51
2015-06-11 00:00:00,227.51,229.57,227.25,229.01
2015-06-12 00:00:00,229.01,230.7,228.29,229.61
2015-06-13 00:00:00,229.61,232.03,228.06,231.51
2015-06-14 00:00:00,231.51,234.0,230.94,231.77
2015-06-15 00:00:00,231.77,237.09,231.55,235.92
2015-06-16 00:00:00,235.92,252.05,234.35,248.75
2015-06-17 00:00:00,248.75,257.39,243.2,245.78
2015-06-18 00:00:00,245.78,251.58,240.0,248.09
2015-06-19 00:00:00,248.09,249.93,242.14,243.42
2015-06-20 00:00:00,243.42,245.56,239.93,244.69
2015-06-21 00:00:00,244.69,245.0,241.06,243.37
2015-06-22 00:00:00,243.37,247.99,242.64,247.09
2015-06-23 00:00:00,247.09,247.25,242.14,243.78
2015-06-24 00:00:00,243.78,244.14,238.2,240.69
2015-06-25 00:00:00,240.69,242.9,239.18,241.65
2015-06-26 00:00:00,241.65,243.44,240.0,243.2
2015-06-27 00:00:00,243.2,252.0,242.36,251.17
2015-06-28 00:00:00,251.17,251.4,247.04,248.9
2015-06-29 00:00:00,248.9,256.94,248.15,256.38
2015-06-30 00:00:00,256.38,268.0,255.0,264.13
2015-07-01 00:00:00,264.13,265.25,253.81,257.07
2015-07-02 00:00:00,257.07,260.77,253.19,254.69
2015-07-03 00:00:00,254.69,256.44,252.4,255.86
2015-07-04 00:00:00,255.86,261.28,254.05,260.74
2015-07-05 00:00:00,260.74,274.74,258.75,270.33
2015-07-06 00:00:00,270.33,278.54,267.13,269.47
2015-07-07 00:00:00,269.47,271.69,264.01,266.18
2015-07-08 00:00:00,266.18,273.0,263.01,269.39
2015-07-09 00:00:00,269.39,271.98,265.92,269.65
2015-07-10 00:00:00,269.65,294.71,268.63,286.61
2015-07-11 00:00:00,286.61,298.05,283.88,292.02
2015-07-12 00:00:00,292.02,317.99,291.64,310.24
2015-07-13 00:00:00,310.24,310.73,281.0,292.0
2015-07-14 00:00:00,292.0,297.13,286.02,287.96
2015-07-15 00:00:00,287.96,293.7,285.4,285.55
2015-07-16 00:00:00,285.55,292.4,274.92,277.23
2015-07-17 00:00:00,278.27,280.73,272.31,279.43
2015-07-18 00:00:00,279.43,283.0,276.73,276.73
2015-07-19 00:00:00,276.73,278.1,275.12,275.5
2015-07-20 00:00:00,275.5,279.16,274.62,277.73
2015-07-21 00:00:00,277.73,281.07,276.28,276.48
2015-07-22 00:00:00,276.48,277.93,275.0,277.93
2015-07-23 00:00:00,277.93,278.55,275.79,276.67
2015-07-24 00:00:00,276.67,290.02,275.9,289.96
2015-07-25 00:00:00,289.96,292.0,286.5,289.34
2015-07-26 00:00:00,289.34,294.0,287.41,292.84
2015-07-27 00:00:00,292.84,297.44,286.43,294.27
2015-07-28 00:00:00,294.27,297.0,292.19,293.84
2015-07-29 00:00:00,293.84,294.67,287.27,289.63
2015-07-30 00:00:00,289.63,290.23,284.53,287.73
2015-07-31 00:00:00,287.73,289.0,281.8,284.39
2015-08-01 00:00:00,284.39,285.16,276.66,280.77
2015-08-02 00:00:00,280.77,282.9,276.57,281.5
2015-08-03 00:00:00,281.5,285.8,279.52,282.72
2015-08-04 00:00:00,282.72,285.88,280.26,284.65
2015-08-05 00:00:00,284.65,285.86,280.63,281.99
2015-08-06 00:00:00,281.99,281.99,281.99,281.99
2015-08-07 00:00:00,281.99,281.99,277.43,279.01
2015-08-08 00:00:00,279.01,279.97,260.41,261.71
2015-08-09 00:00:00,261.71,268.95,261.01,265.36
2015-08-10 00:00:00,265.36,266.79,261.6,264.33
2015-08-11 00:00:00,264.33,270.87,263.64,270.0
2015-08-12 00:00:00,270.0,271.5,265.71,268.51
2015-08-13 00:00:00,268.51,269.37,262.32,264.65
2015-08-14 00:00:00,264.65,266.99,262.0,265.71
2015-08-15 00:00:00,265.71,266.5,260.45,261.03
2015-08-16 00:00:00,261.03,262.2,254.01,256.09
2015-08-17 00:00:00,256.09,259.12,254.63,256.66
2015-08-18 00:00:00,256.66,256.99,245.05,246.0
2015-08-19 00:00:00,246.0,246.0,221.11,227.1
2015-08-20 00:00:00,227.1,236.66,226.01,235.95
2015-08-21 00:00:00,235.95,236.66,231.77,233.27
2015-08-22 00:00:00,233.27,235.2,223.01,230.47
2015-08-23 00:00:00,230.47,234.03,227.13,228.47
2015-08-24 00:00:00,228.47,228.99,207.73,211.79
2015-08-25 00:00:00,211.79,228.04,198.12,221.64
2015-08-26 00:00:00,221.64,231.09,219.77,225.17
2015-08-27 00:00:00,225.17,228.89,223.17,223.8
2015-08-28 00:00:00,223.8,235.93,220.29,232.09
2015-08-29 00:00:00,232.09,233.9,226.67,229.23
2015-08-30 00:00:00,229.23,232.75,225.04,228.43
2015-08-31 00:00:00,228.43,232.49,224.39,229.84
2015-09-01 00:00:00,229.84,231.67,226.17,227.65
2015-09-02 00:00:00,227.65,230.77,226.0,228.77
2015-09-03 00:00:00,228.77,229.96,226.5,226.79
2015-09-04 00:00:00,226.79,231.4,226.33,231.09
2015-09-05 00:00:00,231.09,237.22,229.23,235.45
2015-09-06 00:00:00,235.45,244.2,235.02,240.45
2015-09-07 00:00:00,240.45,242.91,238.44,240.12
2015-09-08 00:00:00,240.12,246.24,239.89,244.04
2015-09-09 00:00:00,244.04,244.22,237.01,237.96
2015-09-10 00:00:00,237.96,241.65,234.78,238.5
2015-09-11 00:00:00,238.5,240.94,237.5,239.94
2015-09-12 00:00:00,239.94,240.0,233.02,235.61
2015-09-13 00:00:00,235.61,236.09,228.0,230.17
2015-09-14 00:00:00,230.17,232.92,223.99,229.51
2015-09-15 00:00:00,229.51,231.21,226.5,229.3
2015-09-16 00:00:00,229.3,230.0,223.0,227.85
2015-09-17 00:00:00,227.85,235.0,227.0,232.44
2015-09-18 00:00:00,232.44,234.4,230.83,232.82
2015-09-19 00:00:00,232.82,233.76,229.98,230.23
2015-09-20 00:00:00,230.23,231.7,229.01,230.29
2015-09-21 00:00:00,230.29,230.34,225.0,225.93
2015-09-22 00:00:00,226.15,231.96,223.12,229.59
2015-09-23 00:00:00,230.08,231.5,228.0,229.41
2015-09-24 00:00:00,229.42,235.52,228.89,233.19
2015-09-25 00:00:00,233.88,237.25,232.56,235.13
2015-09-26 00:00:00,235.14,235.67,233.0,233.89
2015-09-27 00:00:00,233.81,234.61,231.16,231.91
2015-09-28 00:00:00,232.4,239.68,231.69,239.0
2015-09-29 00:00:00,239.14,240.56,235.09,236.71
2015-09-30 00:00:00,236.78,238.27,234.67,236.65
2015-10-01 00:00:00,236.19,239.44,235.01,237.52
2015-10-02 00:00:00,237.15,239.06,235.0,237.69
2015-10-03 00:00:00,237.77,239.86,236.3,238.77
2015-10-04 00:00:00,239.06,239.98,237.62,238.4
2015-10-05 00:00:00,238.6,240.57,236.1,240.53
2015-10-06 00:00:00,240.85,248.19,239.52,246.93
2015-10-07 00:00:00,246.79,247.65,242.3,243.47
2015-10-08 00:00:00,243.47,244.76,242.06,243.41
2015-10-09 00:00:00,243.29,244.95,242.16,244.49
2015-10-10 00:00:00,244.49,246.43,243.0,245.72
2015-10-11 00:00:00,245.71,248.5,244.53,247.83
2015-10-12 00:00:00,248.05,248.47,245.01,245.48
2015-10-13 00:00:00,245.81,250.89,242.82,248.69
2015-10-14 00:00:00,249.97,255.93,248.06,252.46
2015-10-15 00:00:00,252.47,256.5,250.3,254.44
2015-10-16 00:00:00,254.49,267.0,253.69,262.5
2015-10-17 00:00:00,263.09,273.0,260.8,268.99
2015-10-18 00:00:00,270.04,271.17,260.0,261.0
2015-10-19 00:00:00,260.99,266.01,259.82,264.43
2015-10-20 00:00:00,264.28,272.95,262.67,270.23
2015-10-21 00:00:00,270.3,272.69,264.0,267.8
2015-10-22 00:00:00,267.9,280.04,267.39,275.3
2015-10-23 00:00:00,275.12,280.19,273.46,277.71
2015-10-24 00:00:00,278.6,283.0,278.22,282.59
2015-10-25 00:00:00,283.03,296.0,282.2,288.27
2015-10-26 00:00:00,283.96,286.99,279.25,285.82
2015-10-27 00:00:00,286.9,300.0,286.15,295.17
2015-10-28 00:00:00,295.59,308.48,294.4,304.05
2015-10-29 00:00:00,304.77,319.6,301.7,313.73
2015-10-30 00:00:00,314.95,334.05,313.5,328.78
2015-10-31 00:00:00,328.15,334.67,302.99,310.06
2015-11-01 00:00:00,309.3,329.85,303.01,328.98
2015-11-02 00:00:00,325.78,369.02,320.0,361.98
2015-11-03 00:00:00,361.73,420.77,360.4,398.21
2015-11-04 00:00:00,404.55,502.0,368.11,404.3
2015-11-05 00:00:00,407.99,448.79,364.37,383.22
2015-11-06 00:00:00,387.77,396.67,353.26,371.79
2015-11-07 00:00:00,374.41,392.82,371.07,385.76
2015-11-08 00:00:00,384.62,390.47,366.18,371.87
2015-11-09 00:00:00,372.86,386.79,360.54,379.88
2015-11-10 00:00:00,378.32,381.44,323.63,337.69
2015-11-11 00:00:00,336.66,341.41,294.0,303.0
2015-11-12 00:00:00,309.9,344.78,308.42,334.94
2015-11-13 00:00:00,337.17,342.0,325.0,333.51
2015-11-14 00:00:00,336.28,356.1,325.45,331.61
2015-11-15 00:00:00,333.02,334.99,314.6,317.0
2015-11-16 00:00:00,319.3,332.2,315.0,330.9
2015-11-17 00:00:00,330.95,350.44,329.0,335.44
2015-11-18 00:00:00,336.0,337.89,330.28,337.06
2015-11-19 00:00:00,334.53,336.48,324.94,324.95
2015-11-20 00:00:00,326.51,327.73,310.0,321.5
2015-11-21 00:00:00,322.05,328.94,318.52,324.99
2015-11-22 00:00:00,326.5,326.6,320.13,323.11
2015-11-23 00:00:00,324.24,326.09,320.39,323.01
2015-11-24 00:00:00,323.48,323.5,317.0,318.42
2015-11-25 00:00:00,319.7,330.84,316.0,328.3
2015-11-26 00:00:00,328.9,369.7,328.53,356.39
2015-11-27 00:00:00,353.9,364.8,347.84,359.87
2015-11-28 00:00:00,357.14,359.44,350.41,356.39
2015-11-29 00:00:00,356.78,373.15,354.45,371.04
2015-11-30 00:00:00,371.48,383.0,367.11,377.98
2015-12-01 00:00:00,376.7,379.0,354.56,362.95
2015-12-02 00:00:00,363.06,363.06,348.64,359.97
2015-12-03 00:00:00,359.11,370.53,356.21,361.32
2015-12-04 00:00:00,361.48,364.3,355.92,362.3
2015-12-05 00:00:00,363.62,389.89,363.0,384.67
2015-12-06 00:00:00,388.0,399.85,383.0,394.6
2015-12-07 00:00:00,387.18,399.91,381.01,395.1
2015-12-08 00:00:00,394.96,409.0,388.33,409.0
2015-12-09 00:00:00,418.8,424.95,400.0,416.08
2015-12-10 00:00:00,416.98,419.79,408.91,416.28
2015-12-11 00:00:00,415.36,454.36,415.13,451.68
2015-12-12 00:00:00,452.99,467.8,403.0,435.87
2015-12-13 00:00:00,436.08,442.97,422.03,435.8
2015-12-14 00:00:00,432.89,448.12,428.42,442.37
2015-12-15 00:00:00,443.36,464.99,442.94,463.61
2015-12-16 00:00:00,464.5,465.0,436.89,455.1
2015-12-17 00:00:00,455.63,458.84,448.75,456.01
2015-12-18 00:00:00,455.87,466.64,453.5,463.0
2015-12-19 00:00:00,462.99,465.9,452.03,460.96
2015-12-20 00:00:00,461.8,462.0,433.83,441.48
2015-12-21 00:00:00,442.54,450.0,425.52,437.56
2015-12-22 00:00:00,438.07,443.58,433.06,436.15
2015-12-23 00:00:00,435.18,445.52,434.43,443.34
2015-12-24 00:00:00,442.5,459.54,442.5,455.71
2015-12-25 00:00:00,455.42,458.33,448.0,455.5
2015-12-26 00:00:00,455.51,457.45,407.25,417.42
2015-12-27 00:00:00,417.11,425.42,410.5,423.29
2015-12-28 00:00:00,421.57,429.86,417.01,420.7
2015-12-29 00:00:00,420.81,433.17,418.55,430.04
2015-12-30 00:00:00,431.7,434.97,420.75,427.05
2015-12-31 00:00:00,426.09,433.89,419.99,430.57
2016-01-01 00:00:00,430.89,436.0,427.2,434.98
2016-01-02 00:00:00,434.87,435.99,430.42,433.74
2016-01-03 00:00:00,433.2,434.09,424.06,430.85
2016-01-04 00:00:00,430.79,435.86,428.44,433.97
2016-01-05 00:00:00,434.17,435.39,429.5,431.89
2016-01-06 00:00:00,432.45,432.67,426.54,431.84
2016-01-07 00:00:00,429.99,457.79,429.25,457.79
2016-01-08 00:00:00,457.0,465.0,444.51,451.32
2016-01-09 00:00:00,452.02,454.0,446.68,449.95
2016-01-10 00:00:00,448.84,449.89,440.8,447.21
2016-01-11 00:00:00,448.79,451.13,438.0,448.99
2016-01-12 00:00:00,448.0,448.0,442.88,446.27
2016-01-13 00:00:00,434.89,438.35,424.5,432.53
2016-01-14 00:00:00,432.64,434.0,427.0,429.22
2016-01-15 00:00:00,429.55,429.8,365.0,372.85
2016-01-16 00:00:00,360.0,387.5,352.0,386.43
2016-01-17 00:00:00,387.28,391.14,376.0,382.85
2016-01-18 00:00:00,380.16,388.5,373.63,385.0
2016-01-19 00:00:00,385.47,386.92,375.59,379.88
2016-01-20 00:00:00,376.77,422.98,372.53,410.93
2016-01-21 00:00:00,418.9,421.25,404.59,410.03
2016-01-22 00:00:00,409.42,410.07,374.45,381.78
2016-01-23 00:00:00,382.85,395.0,381.05,386.92
2016-01-24 00:00:00,386.37,405.97,385.36,402.5
2016-01-25 00:00:00,402.16,402.31,385.5,392.58
2016-01-26 00:00:00,390.1,397.7,386.2,390.66
2016-01-27 00:00:00,391.77,397.0,390.31,395.0
2016-01-28 00:00:00,394.62,395.56,376.0,379.16
2016-01-29 00:00:00,379.55,383.99,363.73,379.44
2016-01-30 00:00:00,378.12,380.42,372.95,376.6
2016-01-31 00:00:00,376.38,379.3,367.77,370.0
2016-02-01 00:00:00,368.49,378.2,366.53,371.5
2016-02-02 00:00:00,371.79,375.0,369.73,373.18
2016-02-03 00:00:00,373.05,374.0,365.0,367.64
2016-02-04 00:00:00,368.4,391.88,367.95,390.0
2016-02-05 00:00:00,388.0,389.5,382.99,385.88
2016-02-06 00:00:00,384.97,384.98,371.35,374.27
2016-02-07 00:00:00,375.39,380.0,373.04,375.4
2016-02-08 00:00:00,375.0,378.99,369.99,371.16
2016-02-09 00:00:00,370.95,377.0,369.12,373.16
2016-02-10 00:00:00,373.69,383.85,372.12,379.86
2016-02-11 00:00:00,379.34,380.5,373.54,377.99
2016-02-12 00:00:00,377.98,383.0,377.07,382.88
2016-02-13 00:00:00,383.0,390.08,382.0,389.51
2016-02-14 00:00:00,390.99,404.0,390.59,403.95
2016-02-15 00:00:00,405.5,409.71,393.4,399.0
2016-02-16 00:00:00,399.5,407.8,396.0,406.47
2016-02-17 00:00:00,407.51,421.11,404.0,415.52
2016-02-18 00:00:00,415.59,424.9,413.4,420.31
2016-02-19 00:00:00,421.15,422.0,414.0,419.27
2016-02-20 00:00:00,419.98,443.96,419.5,440.24
2016-02-21 00:00:00,434.63,447.99,426.0,437.7
2016-02-22 00:00:00,438.33,439.5,431.15,437.97
2016-02-23 00:00:00,438.26,440.0,414.0,420.05
2016-02-24 00:00:00,419.1,424.28,409.07,422.61
2016-02-25 00:00:00,423.79,426.75,415.79,423.51
2016-02-26 00:00:00,423.38,428.38,418.01,427.8
2016-02-27 00:00:00,432.0,435.0,428.22,431.06
2016-02-28 00:00:00,431.07,435.0,422.29,432.16
2016-02-29 00:00:00,430.26,440.99,428.12,436.62
2016-03-01 00:00:00,436.75,437.5,427.01,433.31
2016-03-02 00:00:00,433.33,434.5,424.0,425.18
2016-03-03 00:00:00,422.4,424.47,415.85,420.27
2016-03-04 00:00:00,420.29,423.9,407.55,409.97
2016-03-05 00:00:00,408.18,408.98,382.0,398.5
2016-03-06 00:00:00,399.77,412.31,393.11,404.78
2016-03-07 00:00:00,406.15,414.96,403.03,414.76
2016-03-08 00:00:00,413.96,414.99,408.46,412.13
2016-03-09 00:00:00,412.14,413.51,408.75,412.66
2016-03-10 00:00:00,412.99,416.9,409.31,416.5
2016-03-11 00:00:00,416.0,421.91,415.11,418.1
2016-03-12 00:00:00,419.14,420.93,406.59,410.47
2016-03-13 00:00:00,409.95,417.0,409.67,412.64
2016-03-14 00:00:00,412.99,415.22,410.5,413.85
2016-03-15 00:00:00,414.83,417.43,412.15,415.89
2016-03-16 00:00:00,415.84,416.61,413.15,416.49
2016-03-17 00:00:00,416.52,419.0,415.66,418.49
2016-03-18 00:00:00,418.47,418.49,403.34,408.21
2016-03-19 00:00:00,407.5,409.95,404.1,408.94
2016-03-20 00:00:00,408.36,412.0,406.6,411.34
2016-03-21 00:00:00,410.62,411.96,406.5,410.99
2016-03-22 00:00:00,411.15,416.99,410.35,415.89
2016-03-23 00:00:00,416.39,419.0,413.44,417.22
2016-03-24 00:00:00,417.62,418.15,412.85,415.96
2016-03-25 00:00:00,415.17,416.92,412.0,416.25
2016-03-26 00:00:00,415.6,416.99,414.0,416.77
2016-03-27 00:00:00,416.96,427.99,415.77,424.3
2016-03-28 00:00:00,424.62,424.77,420.32,422.05
2016-03-29 00:00:00,422.87,424.37,407.22,415.4
2016-03-30 00:00:00,415.43,415.93,408.59,413.09
2016-03-31 00:00:00,413.68,416.99,411.4,415.51
2016-04-01 00:00:00,414.66,416.99,413.42,415.38
2016-04-02 00:00:00,416.31,420.0,416.01,419.19
2016-04-03 00:00:00,419.35,419.44,416.1,419.0
2016-04-04 00:00:00,418.51,419.85,416.0,418.65
2016-04-05 00:00:00,418.81,423.0,416.61,422.6
2016-04-06 00:00:00,422.71,422.9,420.0,421.63
2016-04-07 00:00:00,420.62,421.99,418.09,419.84
2016-04-08 00:00:00,419.99,423.99,416.26,418.13
2016-04-09 00:00:00,417.75,418.71,412.0,418.37
2016-04-10 00:00:00,418.59,421.79,417.2,420.77
2016-04-11 00:00:00,420.4,422.8,418.0,422.08
2016-04-12 00:00:00,422.79,426.67,421.0,425.91
2016-04-13 00:00:00,425.32,426.0,422.27,423.26
2016-04-14 00:00:00,423.6,425.35,420.57,424.51
2016-04-15 00:00:00,424.4,430.0,423.07,429.25
2016-04-16 00:00:00,429.29,432.87,427.12,430.68
2016-04-17 00:00:00,430.18,430.91,424.24,426.75
2016-04-18 00:00:00,427.15,430.01,425.8,428.07
2016-04-19 00:00:00,428.14,436.82,426.24,435.25
2016-04-20 00:00:00,435.7,444.0,433.11,441.25
2016-04-21 00:00:00,441.99,452.11,440.0,451.0
2016-04-22 00:00:00,451.0,451.36,442.96,447.8
2016-04-23 00:00:00,447.16,452.18,444.46,451.31
2016-04-24 00:00:00,451.92,470.02,447.06,459.4
2016-04-25 00:00:00,460.03,469.47,455.13,465.99
2016-04-26 00:00:00,462.29,469.87,462.13,468.0
2016-04-27 00:00:00,467.39,469.03,445.42,447.46
2016-04-28 00:00:00,445.39,451.0,435.0,450.0
2016-04-29 00:00:00,449.94,456.0,445.62,454.77
2016-04-30 00:00:00,456.53,456.9,446.5,446.7
2016-05-01 00:00:00,448.43,453.78,446.84,451.4
2016-05-02 00:00:00,452.99,453.8,438.59,443.54
2016-05-03 00:00:00,444.06,452.0,440.78,451.7
2016-05-04 00:00:00,451.18,451.68,444.15,446.3
2016-05-05 00:00:00,447.36,450.0,445.11,448.82
2016-05-06 00:00:00,448.5,463.97,447.03,459.73
2016-05-07 00:00:00,458.98,461.0,455.95,458.15
2016-05-08 00:00:00,458.97,459.69,455.95,457.81
2016-05-09 00:00:00,457.75,464.79,455.62,461.63
2016-05-10 00:00:00,461.49,463.0,447.38,449.91
2016-05-11 00:00:00,450.88,457.99,450.32,452.01
2016-05-12 00:00:00,452.95,455.09,448.88,454.92
2016-05-13 00:00:00,455.2,456.82,452.04,456.04
2016-05-14 00:00:00,456.42,457.25,453.51,455.38
2016-05-15 00:00:00,456.3,458.08,454.72,457.48
2016-05-16 00:00:00,457.56,458.0,451.11,455.56
2016-05-17 00:00:00,454.0,456.09,452.14,453.01
2016-05-18 00:00:00,452.96,455.68,452.01,452.94
2016-05-19 00:00:00,452.47,453.85,441.05,441.63
2016-05-20 00:00:00,436.3,444.41,435.06,441.97
2016-05-21 00:00:00,442.84,443.98,435.28,442.84
2016-05-22 00:00:00,442.72,443.47,435.0,437.85
2016-05-23 00:00:00,438.72,442.91,436.4,442.29
2016-05-24 00:00:00,442.63,446.37,441.0,445.31
2016-05-25 00:00:00,445.31,449.6,444.26,448.02
2016-05-26 00:00:00,448.27,452.98,446.8,452.38
2016-05-27 00:00:00,452.07,478.16,452.07,472.68
2016-05-28 00:00:00,470.58,529.08,468.0,521.5
2016-05-29 00:00:00,522.13,540.0,485.0,513.85
2016-05-30 00:00:00,517.6,535.0,510.01,527.0
2016-05-31 00:00:00,527.64,548.5,515.0,532.06
2016-06-01 00:00:00,532.37,542.87,525.49,538.65
2016-06-02 00:00:00,536.95,540.0,529.13,538.98
2016-06-03 00:00:00,538.0,578.37,535.74,567.94
2016-06-04 00:00:00,569.93,588.71,558.54,573.87
2016-06-05 00:00:00,573.5,582.0,566.0,573.76
2016-06-06 00:00:00,573.8,586.02,573.8,583.49
2016-06-07 00:00:00,584.12,594.44,563.0,576.75
2016-06-08 00:00:00,577.48,584.25,571.86,583.24
2016-06-09 00:00:00,583.01,583.1,572.97,576.4
2016-06-10 00:00:00,576.06,580.0,572.0,577.91
2016-06-11 00:00:00,576.53,594.0,575.93,592.13
2016-06-12 00:00:00,610.0,683.02,603.21,667.94
2016-06-13 00:00:00,668.73,725.0,655.02,702.05
2016-06-14 00:00:00,703.81,704.5,655.0,685.69
2016-06-15 00:00:00,685.25,695.77,672.12,693.01
2016-06-16 00:00:00,695.0,773.07,689.8,765.6
2016-06-17 00:00:00,767.37,778.7,706.37,746.99
2016-06-18 00:00:00,745.0,778.85,723.02,755.02
2016-06-19 00:00:00,753.47,764.93,740.11,760.55
2016-06-20 00:00:00,759.12,763.99,725.0,734.99
2016-06-21 00:00:00,725.0,728.18,625.0,668.42
2016-06-22 00:00:00,665.36,677.63,593.03,594.1
2016-06-23 00:00:00,602.82,632.67,540.17,624.69
2016-06-24 00:00:00,622.59,683.88,620.82,656.71
2016-06-25 00:00:00,660.76,684.45,639.4,663.24
2016-06-26 00:00:00,658.8,662.9,608.64,628.61
2016-06-27 00:00:00,630.16,653.46,618.03,648.2
2016-06-28 00:00:00,657.49,665.51,635.5,645.39
2016-06-29 00:00:00,644.33,645.0,621.09,634.43
2016-06-30 00:00:00,635.91,671.22,628.06,666.84
2016-07-01 00:00:00,666.33,684.1,659.71,677.0
2016-07-02 00:00:00,674.55,704.93,672.74,702.48
2016-07-03 00:00:00,702.48,704.99,646.29,664.14
2016-07-04 00:00:00,659.77,682.35,640.1,678.72
2016-07-05 00:00:00,678.74,682.36,661.57,666.58
2016-07-06 00:00:00,669.09,679.0,662.13,674.46
2016-07-07 00:00:00,674.7,678.43,605.5,636.39
2016-07-08 00:00:00,638.89,665.0,635.0,664.0
2016-07-09 00:00:00,663.0,663.99,626.0,652.54
2016-07-10 00:00:00,647.78,650.88,636.8,646.55
2016-07-11 00:00:00,648.77,659.6,639.31,647.42
2016-07-12 00:00:00,649.32,678.0,646.05,671.7
2016-07-13 00:00:00,663.52,669.97,654.52,661.5
2016-07-14 00:00:00,652.24,664.93,650.01,660.53
2016-07-15 00:00:00,660.3,670.01,658.41,664.99
2016-07-16 00:00:00,664.6,666.67,655.0,662.0
2016-07-17 00:00:00,662.45,684.19,661.35,678.23
2016-07-18 00:00:00,679.54,682.21,666.12,673.46
2016-07-19 00:00:00,673.45,675.81,666.0,673.86
2016-07-20 00:00:00,674.8,675.0,660.0,667.02
2016-07-21 00:00:00,667.01,667.1,660.1,664.25
2016-07-22 00:00:00,663.25,666.3,645.0,652.95
2016-07-23 00:00:00,647.88,656.77,646.0,653.8
2016-07-24 00:00:00,655.52,665.0,651.99,659.51
2016-07-25 00:00:00,659.64,661.99,652.28,654.37
2016-07-26 00:00:00,655.0,656.94,645.01,652.22
2016-07-27 00:00:00,651.22,659.98,646.31,655.63
2016-07-28 00:00:00,655.13,657.89,652.41,653.44
2016-07-29 00:00:00,654.84,657.48,653.0,657.03
2016-07-30 00:00:00,654.88,657.5,652.19,654.37
2016-07-31 00:00:00,654.02,654.71,620.01,620.01
2016-08-01 00:00:00,622.5,630.0,604.0,607.61
2016-08-02 00:00:00,606.84,613.03,465.28,514.98
2016-08-03 00:00:00,540.03,572.34,521.0,565.63
2016-08-04 00:00:00,563.99,583.97,552.0,575.52
2016-08-05 00:00:00,578.14,578.2,562.0,576.64
2016-08-06 00:00:00,572.98,592.0,562.56,588.78
2016-08-07 00:00:00,589.47,598.82,582.12,592.6
2016-08-08 00:00:00,592.47,594.0,583.58,589.46
2016-08-09 00:00:00,591.85,591.85,579.43,583.53
2016-08-10 00:00:00,582.71,603.0,580.01,591.7
2016-08-11 00:00:00,590.46,597.78,585.23,587.57
2016-08-12 00:00:00,585.25,591.19,580.47,586.0
2016-08-13 00:00:00,585.34,589.98,581.71,582.11
2016-08-14 00:00:00,583.52,583.92,556.24,567.45
2016-08-15 00:00:00,568.76,573.69,554.9,565.79
2016-08-16 00:00:00,564.2,579.8,563.0,577.53
2016-08-17 00:00:00,574.95,577.86,566.02,570.47
2016-08-18 00:00:00,570.91,575.87,568.79,569.71
2016-08-19 00:00:00,571.51,574.86,552.3,572.11
2016-08-20 00:00:00,572.98,580.0,568.52,580.0
2016-08-21 00:00:00,577.7,583.99,576.01,578.47
2016-08-22 00:00:00,577.55,585.95,572.5,583.85
2016-08-23 00:00:00,582.78,584.99,576.0,580.71
2016-08-24 00:00:00,580.27,582.1,575.4,577.11
2016-08-25 00:00:00,577.65,578.75,571.16,576.99
2016-08-26 00:00:00,575.75,582.46,574.1,577.84
2016-08-27 00:00:00,577.92,579.09,564.81,567.41
2016-08-28 00:00:00,567.51,573.0,566.8,573.0
2016-08-29 00:00:00,573.2,575.0,568.6,571.5
2016-08-30 00:00:00,570.74,576.5,568.55,575.23
2016-08-31 00:00:00,575.88,576.49,568.4,570.76
2016-09-01 00:00:00,570.75,572.86,566.86,571.6
2016-09-02 00:00:00,571.05,574.2,567.03,572.0
2016-09-03 00:00:00,572.0,598.64,569.01,592.5
2016-09-04 00:00:00,596.25,609.05,590.88,604.25
2016-09-05 00:00:00,605.72,607.31,592.46,603.74
2016-09-06 00:00:00,604.98,609.74,601.0,608.96
2016-09-07 00:00:00,608.93,615.92,604.7,614.39
2016-09-08 00:00:00,614.44,628.98,611.66,625.66
2016-09-09 00:00:00,625.67,627.49,612.93,622.0
2016-09-10 00:00:00,622.01,625.0,618.67,622.01
2016-09-11 00:00:00,621.65,628.99,594.63,603.8
2016-09-12 00:00:00,604.08,609.15,602.0,607.0
2016-09-13 00:00:00,606.4,609.61,603.28,607.73
2016-09-14 00:00:00,607.45,610.69,605.98,607.89
2016-09-15 00:00:00,608.5,608.99,602.3,605.21
2016-09-16 00:00:00,606.65,608.99,603.5,605.9
2016-09-17 00:00:00,607.04,607.59,601.1,604.04
2016-09-18 00:00:00,602.93,609.06,601.97,608.0
2016-09-19 00:00:00,608.0,609.5,603.0,607.88
2016-09-20 00:00:00,608.73,608.88,605.35,606.95
2016-09-21 00:00:00,601.0,601.01,592.1,594.66
2016-09-22 00:00:00,595.46,596.42,592.5,593.95
2016-09-23 00:00:00,595.42,602.9,593.0,602.53
2016-09-24 00:00:00,600.47,603.59,597.76,600.14
2016-09-25 00:00:00,600.05,601.99,596.0,597.41
2016-09-26 00:00:00,598.95,607.27,596.1,604.28
2016-09-27 00:00:00,606.7,608.37,600.02,604.57
2016-09-28 00:00:00,604.26,605.3,601.41,603.71
2016-09-29 00:00:00,603.93,605.99,601.0,604.96
2016-09-30 00:00:00,605.59,608.38,603.15,608.26
2016-10-01 00:00:00,608.23,614.28,608.23,612.0
2016-10-02 00:00:00,612.98,613.0,605.0,608.59
2016-10-03 00:00:00,608.6,611.59,606.6,611.06
2016-10-04 00:00:00,612.84,612.84,604.99,607.18
2016-10-05 00:00:00,607.19,612.0,605.76,610.98
2016-10-06 00:00:00,608.01,610.5,607.09,610.34
2016-10-07 00:00:00,610.25,616.34,607.52,614.23
2016-10-08 00:00:00,614.88,616.99,612.5,614.48
2016-10-09 00:00:00,614.34,614.98,610.0,613.61
2016-10-10 00:00:00,612.12,616.47,612.12,615.37
2016-10-11 00:00:00,616.37,639.0,614.56,638.91
2016-10-12 00:00:00,638.3,640.0,628.76,635.06
2016-10-13 00:00:00,634.5,636.0,630.0,635.61
2016-10-14 00:00:00,635.16,639.99,630.45,638.38
2016-10-15 00:00:00,638.2,642.0,635.25,636.01
2016-10-16 00:00:00,635.26,641.4,635.18,638.09
2016-10-17 00:00:00,638.97,639.99,632.1,635.69
2016-10-18 00:00:00,636.96,637.8,631.52,635.58
2016-10-19 00:00:00,635.95,638.04,624.13,627.98
2016-10-20 00:00:00,627.84,630.22,625.0,627.72
2016-10-21 00:00:00,628.05,632.36,627.5,628.99
2016-10-22 00:00:00,628.99,656.0,628.57,655.0
2016-10-23 00:00:00,654.52,656.0,647.51,649.69
2016-10-24 00:00:00,648.71,652.25,640.0,648.14
2016-10-25 00:00:00,649.03,657.58,643.0,648.33
2016-10-26 00:00:00,651.97,677.0,651.69,673.14
2016-10-27 00:00:00,674.63,685.89,665.59,682.67
2016-10-28 00:00:00,684.68,687.23,677.05,685.29
2016-10-29 00:00:00,685.91,717.99,684.89,712.06
2016-10-30 00:00:00,711.1,711.78,691.49,696.36
2016-10-31 00:00:00,697.1,706.97,683.6,697.67
2016-11-01 00:00:00,697.04,737.0,695.38,726.6
2016-11-02 00:00:00,726.6,735.93,717.32,732.99
2016-11-03 00:00:00,742.0,745.19,670.32,681.03
2016-11-04 00:00:00,684.84,707.67,681.0,702.98
2016-11-05 00:00:00,702.95,707.34,694.71,703.63
2016-11-06 00:00:00,703.33,714.36,697.92,710.22
2016-11-07 00:00:00,709.92,709.92,698.26,706.5
2016-11-08 00:00:00,702.86,712.92,701.02,710.19
2016-11-09 00:00:00,708.17,740.86,705.45,720.44
2016-11-10 00:00:00,721.5,722.0,707.0,714.5
2016-11-11 00:00:00,714.48,720.94,712.24,715.82
2016-11-12 00:00:00,716.39,716.39,701.0,703.0
2016-11-13 00:00:00,701.17,702.89,683.23,701.51
2016-11-14 00:00:00,700.38,705.89,697.14,704.7
2016-11-15 00:00:00,704.98,716.54,703.05,710.82
2016-11-16 00:00:00,711.07,742.87,708.44,737.99
2016-11-17 00:00:00,739.71,749.98,732.22,737.0
2016-11-18 00:00:00,736.0,752.95,731.31,745.99
2016-11-19 00:00:00,748.98,755.07,742.63,749.57
2016-11-20 00:00:00,750.09,753.82,714.0,727.09
2016-11-21 00:00:00,727.09,739.2,727.03,736.97
2016-11-22 00:00:00,736.92,750.0,730.27,746.61
2016-11-23 00:00:00,749.13,749.98,729.92,740.17
2016-11-24 00:00:00,740.18,741.15,729.0,735.7
2016-11-25 00:00:00,735.63,737.03,728.0,737.03
2016-11-26 00:00:00,736.96,737.56,722.3,729.87
2016-11-27 00:00:00,729.91,732.0,722.44,726.12
2016-11-28 00:00:00,727.32,732.44,724.1,730.98
2016-11-29 00:00:00,730.99,733.29,721.0,730.99
2016-11-30 00:00:00,730.72,744.49,727.0,742.06
2016-12-01 00:00:00,742.06,754.98,740.18,751.6
2016-12-02 00:00:00,751.55,778.07,750.77,769.99
2016-12-03 00:00:00,770.91,770.99,752.41,762.79
2016-12-04 00:00:00,762.97,762.97,752.41,761.99
2016-12-05 00:00:00,762.0,762.09,743.0,750.0
2016-12-06 00:00:00,749.51,759.9,747.99,758.91
2016-12-07 00:00:00,758.97,769.61,751.78,766.85
2016-12-08 00:00:00,764.05,772.01,762.29,767.96
2016-12-09 00:00:00,766.84,773.99,766.29,769.49
2016-12-10 00:00:00,769.57,774.12,768.11,772.35
2016-12-11 00:00:00,772.28,772.28,764.01,768.19
2016-12-12 00:00:00,768.97,779.0,768.96,777.93
2016-12-13 00:00:00,777.0,793.27,765.1,778.71
2016-12-14 00:00:00,775.35,781.0,770.74,776.29
2016-12-15 00:00:00,777.03,779.08,771.0,774.79
2016-12-16 00:00:00,776.3,782.46,771.24,780.35
2016-12-17 00:00:00,781.32,790.88,780.36,788.4
2016-12-18 00:00:00,788.3,790.99,780.0,788.68
2016-12-19 00:00:00,788.34,794.39,787.01,790.65
2016-12-20 00:00:00,791.03,803.0,787.1,801.02
2016-12-21 00:00:00,798.65,830.01,796.82,828.1
2016-12-22 00:00:00,832.02,875.0,827.29,858.94
2016-12-23 00:00:00,858.94,920.0,858.93,916.0
2016-12-24 00:00:00,914.48,918.5,878.89,892.63
2016-12-25 00:00:00,892.61,894.97,859.0,891.67
2016-12-26 00:00:00,890.65,905.18,888.0,899.1
2016-12-27 00:00:00,897.82,936.42,891.0,929.92
2016-12-28 00:00:00,930.34,975.97,929.49,975.97
2016-12-29 00:00:00,976.46,980.74,950.0,968.99
2016-12-30 00:00:00,969.99,970.0,931.0,959.03
2016-12-31 00:00:00,959.54,966.37,944.11,964.32
2017-01-01 00:00:00,966.34,1005.0,960.53,998.8
2017-01-02 00:00:00,997.75,1032.0,990.01,1014.1
2017-01-03 00:00:00,1011.44,1039.0,999.99,1036.99
2017-01-04 00:00:00,1035.51,1139.89,1028.56,1122.56
2017-01-05 00:00:00,1114.38,1136.72,885.41,994.02
2017-01-06 00:00:00,1004.73,1026.99,871.0,891.56
2017-01-07 00:00:00,894.02,906.0,812.28,897.14
2017-01-08 00:00:00,906.2,941.81,881.3,906.17
2017-01-09 00:00:00,909.8,912.87,875.0,899.99
2017-01-10 00:00:00,896.09,912.47,889.41,907.96
2017-01-11 00:00:00,905.05,918.4,755.0,788.81
2017-01-12 00:00:00,778.7,832.99,751.34,816.0
2017-01-13 00:00:00,807.51,831.4,775.0,826.9
2017-01-14 00:00:00,825.98,837.76,810.0,819.66
2017-01-15 00:00:00,819.52,823.45,808.0,822.47
2017-01-16 00:00:00,821.86,835.0,818.09,829.62
2017-01-17 00:00:00,831.76,908.5,827.0,906.08
2017-01-18 00:00:00,905.95,915.99,851.74,876.74
2017-01-19 00:00:00,887.69,910.0,878.89,900.46
2017-01-20 00:00:00,902.23,902.43,880.0,895.62
2017-01-21 00:00:00,895.81,928.0,895.0,921.1
2017-01-22 00:00:00,921.98,937.74,886.76,919.39
2017-01-23 00:00:00,923.75,927.57,913.21,921.39
2017-01-24 00:00:00,913.15,923.0,886.27,893.0
2017-01-25 00:00:00,885.47,904.01,884.5,892.95
2017-01-26 00:00:00,893.25,919.49,892.86,916.34
2017-01-27 00:00:00,914.95,924.88,908.01,917.84
2017-01-28 00:00:00,918.02,920.99,913.08,917.75
2017-01-29 00:00:00,918.6,919.99,910.45,913.1
2017-01-30 00:00:00,913.12,923.0,910.0,921.08
2017-01-31 00:00:00,919.99,970.0,917.5,965.01
2017-02-01 00:00:00,963.99,986.96,962.0,983.36
2017-02-02 00:00:00,983.79,1011.65,973.12,1008.18
2017-02-03 00:00:00,1009.15,1022.64,987.01,1012.64
2017-02-04 00:00:00,1015.06,1044.23,1004.0,1034.44
2017-02-05 00:00:00,1033.72,1034.6,1004.7,1014.57
2017-02-06 00:00:00,1010.03,1031.94,1005.1,1023.7
2017-02-07 00:00:00,1024.0,1056.25,1021.3,1054.12
2017-02-08 00:00:00,1052.48,1070.0,1025.0,1056.99
2017-02-09 00:00:00,1051.73,1074.69,913.73,981.96
2017-02-10 00:00:00,985.71,1010.68,950.0,997.57
2017-02-11 00:00:00,995.49,1020.0,987.62,1011.98
2017-02-12 00:00:00,1011.01,1011.97,991.98,1001.63
2017-02-13 00:00:00,1000.73,1007.89,975.1,1000.25
2017-02-14 00:00:00,1000.74,1019.0,987.97,1011.51
2017-02-15 00:00:00,1008.88,1013.8,1000.97,1011.53
2017-02-16 00:00:00,1011.53,1043.21,1010.75,1032.7
2017-02-17 00:00:00,1032.7,1064.99,1031.98,1055.46
2017-02-18 00:00:00,1055.46,1068.99,1046.14,1056.4
2017-02-19 00:00:00,1056.4,1061.9,1039.07,1051.8
2017-02-20 00:00:00,1051.8,1089.99,1044.39,1084.0
2017-02-21 00:00:00,1084.0,1126.86,1077.0,1124.62
2017-02-22 00:00:00,1124.62,1143.0,1098.16,1130.01
2017-02-23 00:00:00,1130.01,1193.92,1120.73,1188.11
2017-02-24 00:00:00,1188.11,1220.0,1091.1,1180.14
2017-02-25 00:00:00,1180.14,1184.73,1127.0,1152.2
2017-02-26 00:00:00,1152.2,1184.97,1133.0,1179.05
2017-02-27 00:00:00,1179.05,1197.99,1169.0,1194.64
2017-02-28 00:00:00,1194.64,1209.99,1176.27,1191.21
2017-03-01 00:00:00,1191.21,1231.0,1188.3,1226.39
2017-03-02 00:00:00,1226.39,1283.25,1215.0,1257.6
2017-03-03 00:00:00,1257.6,1298.0,1255.0,1285.33
2017-03-04 00:00:00,1285.33,1289.55,1230.0,1260.0
2017-03-05 00:00:00,1260.0,1275.0,1240.0,1273.0
2017-03-06 00:00:00,1273.0,1285.0,1251.0,1278.49
2017-03-07 00:00:00,1278.49,1281.62,1175.97,1233.05
2017-03-08 00:00:00,1233.05,1245.49,1145.5,1150.05
2017-03-09 00:00:00,1150.05,1208.0,1135.01,1190.89
2017-03-10 00:00:00,1190.89,1350.0,975.0,1116.97
2017-03-11 00:00:00,1116.97,1198.0,1106.51,1176.55
2017-03-12 00:00:00,1176.55,1241.85,1170.9,1226.62
2017-03-13 00:00:00,1226.62,1249.02,1215.43,1242.46
2017-03-14 00:00:00,1242.46,1260.0,1226.5,1245.86
2017-03-15 00:00:00,1245.86,1260.0,1238.32,1257.32
2017-03-16 00:00:00,1257.32,1258.96,1130.0,1172.62
2017-03-17 00:00:00,1172.62,1173.23,1063.0,1071.02
2017-03-18 00:00:00,1071.02,1099.0,944.36,969.4
2017-03-19 00:00:00,969.4,1063.7,969.4,1017.97
2017-03-20 00:00:00,1017.97,1053.0,1010.01,1035.96
2017-03-21 00:00:00,1035.96,1117.9,1034.92,1114.39
2017-03-22 00:00:00,1114.39,1114.39,988.0,1037.56
2017-03-23 00:00:00,1037.56,1054.4,1010.69,1029.65
2017-03-24 00:00:00,1029.65,1032.0,920.0,929.06
2017-03-25 00:00:00,929.06,963.36,891.33,956.02
2017-03-26 00:00:00,956.02,997.0,937.52,960.0
2017-03-27 00:00:00,960.0,1043.0,952.95,1039.92
2017-03-28 00:00:00,1039.92,1068.26,1014.9,1043.99
2017-03-29 00:00:00,1043.99,1059.43,1008.16,1035.96
2017-03-30 00:00:00,1035.96,1050.17,1017.14,1033.7
2017-03-31 00:00:00,1033.7,1081.0,1031.43,1070.31
2017-04-01 00:00:00,1070.31,1097.0,1061.64,1083.94
2017-04-02 00:00:00,1083.94,1100.0,1066.49,1078.01
2017-04-03 00:00:00,1078.01,1152.0,1076.19,1144.77
2017-04-04 00:00:00,1144.77,1162.93,1118.85,1143.0
2017-04-05 00:00:00,1143.0,1145.0,1111.0,1134.58
2017-04-06 00:00:00,1134.58,1201.37,1134.36,1190.85
2017-04-07 00:00:00,1190.85,1202.0,1176.0,1190.66
2017-04-08 00:00:00,1190.66,1197.3,1166.66,1184.03
2017-04-09 00:00:00,1184.03,1216.87,1173.98,1206.2
2017-04-10 00:00:00,1206.2,1219.71,1195.0,1209.25
2017-04-11 00:00:00,1209.25,1229.0,1198.02,1218.99
2017-04-12 00:00:00,1218.99,1224.57,1208.0,1212.17
2017-04-13 00:00:00,1212.17,1219.45,1141.0,1172.91
2017-04-14 00:00:00,1172.91,1193.0,1142.0,1170.34
2017-04-15 00:00:00,1170.34,1192.5,1165.0,1173.45
2017-04-16 00:00:00,1173.45,1179.3,1150.0,1162.31
2017-04-17 00:00:00,1162.31,1192.5,1161.0,1176.54
2017-04-18 00:00:00,1176.54,1210.0,1175.95,1202.58
2017-04-19 00:00:00,1202.58,1209.99,1190.0,1203.98
2017-04-20 00:00:00,1203.98,1243.88,1201.66,1234.19
2017-04-21 00:00:00,1234.19,1252.32,1231.65,1243.61
2017-04-22 00:00:00,1243.61,1247.15,1199.0,1233.2
2017-04-23 00:00:00,1233.2,1248.99,1223.42,1241.99
2017-04-24 00:00:00,1241.99,1254.0,1234.0,1253.58
2017-04-25 00:00:00,1253.58,1280.0,1251.07,1269.0
2017-04-26 00:00:00,1269.0,1330.0,1265.0,1287.99
2017-04-27 00:00:00,1287.99,1342.02,1285.0,1331.53
2017-04-28 00:00:00,1331.53,1347.02,1299.0,1330.7
2017-04-29 00:00:00,1330.7,1342.8,1316.0,1333.0
2017-04-30 00:00:00,1333.0,1356.0,1315.68,1350.21
2017-05-01 00:00:00,1350.21,1425.0,1341.22,1390.86
2017-05-02 00:00:00,1390.86,1481.73,1388.0,1447.75
2017-05-03 00:00:00,1447.75,1516.04,1431.02,1503.22
2017-05-04 00:00:00,1503.22,1623.01,1444.94,1537.23
2017-05-05 00:00:00,1537.23,1609.0,1495.0,1514.9
2017-05-06 00:00:00,1514.9,1578.97,1505.0,1558.02
2017-05-07 00:00:00,1558.02,1565.0,1525.0,1554.01
2017-05-08 00:00:00,1554.01,1653.97,1554.01,1649.54
2017-05-09 00:00:00,1649.54,1760.4,1616.05,1720.28
2017-05-10 00:00:00,1720.28,1794.21,1682.0,1772.58
2017-05-11 00:00:00,1772.58,1892.0,1745.01,1828.45
2017-05-12 00:00:00,1828.45,1832.0,1650.0,1691.51
2017-05-13 00:00:00,1691.51,1785.82,1601.46,1776.89
2017-05-14 00:00:00,1776.89,1815.0,1753.0,1784.0
2017-05-15 00:00:00,1784.0,1784.0,1682.56,1705.48
2017-05-16 00:00:00,1705.48,1750.0,1641.22,1700.01
2017-05-17 00:00:00,1700.01,1840.42,1670.01,1782.99
2017-05-18 00:00:00,1782.99,1881.8,1766.33,1878.99
2017-05-19 00:00:00,1878.99,1969.99,1874.99,1958.0
2017-05-20 00:00:00,1958.0,2021.0,1914.0,2013.99
2017-05-21 00:00:00,2013.99,2063.11,1961.52,2017.55
2017-05-22 00:00:00,2017.55,2230.34,2008.75,2099.97
2017-05-23 00:00:00,2099.97,2275.0,2088.45,2264.23
2017-05-24 00:00:00,2264.23,2481.75,2264.23,2420.29
2017-05-25 00:00:00,2420.29,2760.1,2221.0,2292.53
2017-05-26 00:00:00,2292.53,2599.12,2060.0,2279.82
2017-05-27 00:00:00,2279.82,2339.94,1850.0,2042.0
2017-05-28 00:00:00,2042.0,2313.96,2041.48,2178.81
2017-05-29 00:00:00,2178.81,2350.0,2110.0,2292.1
2017-05-30 00:00:00,2292.1,2339.08,2160.0,2203.51
2017-05-31 00:00:00,2203.51,2334.0,2154.28,2298.01
2017-06-01 00:00:00,2298.01,2456.39,2296.81,2413.63
2017-06-02 00:00:00,2413.63,2489.0,2370.03,2488.94
2017-06-03 00:00:00,2488.94,2584.34,2445.0,2540.94
2017-06-04 00:00:00,2540.94,2569.0,2460.0,2530.27
2017-06-05 00:00:00,2530.27,2699.35,2525.28,2698.0
2017-06-06 00:00:00,2698.0,2933.0,2689.4,2880.74
2017-06-07 00:00:00,2880.74,2893.28,2612.5,2683.03
2017-06-08 00:00:00,2683.03,2815.0,2613.13,2806.0
2017-06-09 00:00:00,2806.0,2868.23,2780.43,2822.32
2017-06-10 00:00:00,2822.32,2912.98,2800.0,2899.99
2017-06-11 00:00:00,2899.99,2967.46,2861.53,2954.22
2017-06-12 00:00:00,2954.22,2980.0,2480.03,2667.06
2017-06-13 00:00:00,2667.06,2783.62,2638.62,2703.02
2017-06-14 00:00:00,2703.02,2801.0,2320.0,2450.0
2017-06-15 00:00:00,2450.0,2516.2,2120.0,2424.91
2017-06-16 00:00:00,2424.91,2540.0,2307.66,2484.68
2017-06-17 00:00:00,2484.68,2674.4,2420.53,2630.0
2017-06-18 00:00:00,2630.0,2665.0,2460.62,2516.98
2017-06-19 00:00:00,2516.98,2598.0,2480.96,2598.0
2017-06-20 00:00:00,2598.0,2783.0,2581.0,2740.0
2017-06-21 00:00:00,2740.0,2789.0,2611.0,2657.04
2017-06-22 00:00:00,2657.04,2740.0,2594.61,2713.48
2017-06-23 00:00:00,2713.48,2745.0,2657.46,2685.05
2017-06-24 00:00:00,2685.05,2724.96,2512.13,2557.66
2017-06-25 00:00:00,2557.66,2635.72,2432.0,2502.03
2017-06-26 00:00:00,2502.03,2550.03,2315.01,2421.22
2017-06-27 00:00:00,2421.22,2565.0,2291.0,2565.0
2017-06-28 00:00:00,2565.0,2593.0,2468.01,2559.9
2017-06-29 00:00:00,2559.9,2594.78,2500.31,2541.59
2017-06-30 00:00:00,2541.59,2564.58,2451.0,2465.49
2017-07-01 00:00:00,2465.49,2517.11,2390.0,2412.41
2017-07-02 00:00:00,2412.41,2528.72,2374.34,2504.37
2017-07-03 00:00:00,2504.37,2595.0,2472.68,2550.47
2017-07-04 00:00:00,2550.47,2639.47,2540.07,2596.12
2017-07-05 00:00:00,2596.12,2623.0,2530.1,2602.9
2017-07-06 00:00:00,2602.9,2614.0,2522.0,2600.39
2017-07-07 00:00:00,2600.39,2605.0,2475.0,2501.46
2017-07-08 00:00:00,2501.46,2555.0,2462.0,2550.07
2017-07-09 00:00:00,2550.07,2564.65,2500.5,2502.28
2017-07-10 00:00:00,2502.28,2527.88,2261.85,2323.45
2017-07-11 00:00:00,2323.45,2399.0,2242.62,2305.98
2017-07-12 00:00:00,2305.98,2408.84,2239.54,2388.0
2017-07-13 00:00:00,2388.0,2425.16,2312.93,2339.99
2017-07-14 00:00:00,2339.99,2357.84,2140.0,2213.37
2017-07-15 00:00:00,2213.37,2219.99,1967.65,1970.51
2017-07-16 00:00:00,1970.51,2044.44,1830.0,1917.63
2017-07-17 00:00:00,1917.63,2229.97,1910.57,2226.0
2017-07-18 00:00:00,2226.0,2392.0,2164.0,2303.71
2017-07-19 00:00:00,2303.71,2402.5,2223.0,2265.21
2017-07-20 00:00:00,2265.21,2938.0,2265.21,2875.03
2017-07-21 00:00:00,2875.03,2887.45,2611.39,2670.0
2017-07-22 00:00:00,2670.0,2882.0,2644.59,2832.71
2017-07-23 00:00:00,2832.71,2855.0,2640.0,2749.02
2017-07-24 00:00:00,2749.02,2800.0,2701.0,2759.98
2017-07-25 00:00:00,2759.98,2775.79,2450.0,2564.82
2017-07-26 00:00:00,2564.82,2608.96,2400.0,2524.99
2017-07-27 00:00:00,2524.99,2695.0,2509.63,2666.33
2017-07-28 00:00:00,2666.33,2825.0,2655.82,2777.01
2017-07-29 00:00:00,2777.01,2785.65,2631.78,2680.56
2017-07-30 00:00:00,2680.56,2774.45,2569.69,2742.37
2017-07-31 00:00:00,2742.37,2889.99,2680.01,2855.81
2017-08-01 00:00:00,2855.81,2929.17,2615.0,2731.0
2017-08-02 00:00:00,2731.0,2760.0,2650.0,2703.51
2017-08-03 00:00:00,2703.51,2807.44,2698.83,2793.37
2017-08-04 00:00:00,2793.37,2877.52,2765.91,2855.0
2017-08-05 00:00:00,2855.0,3339.66,2848.32,3263.62
2017-08-06 00:00:00,3263.62,3296.51,3146.1,3222.75
2017-08-07 00:00:00,3222.75,3430.0,3186.0,3387.55
2017-08-08 00:00:00,3387.55,3490.0,3300.0,3412.41
2017-08-09 00:00:00,3412.41,3423.1,3178.72,3342.99
2017-08-10 00:00:00,3342.99,3448.0,3311.17,3413.03
2017-08-11 00:00:00,3413.03,3705.0,3390.67,3645.06
2017-08-12 00:00:00,3645.06,3934.0,3586.95,3855.1
2017-08-13 00:00:00,3855.1,4190.0,3841.71,4053.87
2017-08-14 00:00:00,4053.87,4329.43,3964.96,4306.23
2017-08-15 00:00:00,4306.23,4400.0,3800.0,4155.67
2017-08-16 00:00:00,4155.67,4379.78,3926.06,4378.84
2017-08-17 00:00:00,4378.84,4480.0,4167.21,4276.5
2017-08-18 00:00:00,4276.5,4368.0,3964.96,4100.0
2017-08-19 00:00:00,4100.0,4188.0,3900.0,4099.55
2017-08-20 00:00:00,4099.55,4125.95,4000.0,4058.68
2017-08-21 00:00:00,4058.68,4080.0,3949.78,3987.52
2017-08-22 00:00:00,3987.52,4139.31,3600.0,4085.0
2017-08-23 00:00:00,4085.0,4248.97,4051.94,4108.12
2017-08-24 00:00:00,4108.12,4350.0,4082.57,4300.34
2017-08-25 00:00:00,4300.34,4449.98,4270.0,4355.98
2017-08-26 00:00:00,4355.98,4369.78,4232.43,4333.38
2017-08-27 00:00:00,4333.38,4393.3,4290.32,4337.68
2017-08-28 00:00:00,4337.68,4399.72,4169.01,4379.99
2017-08-29 00:00:00,4379.99,4649.78,4336.26,4578.82
2017-08-30 00:00:00,4578.82,4642.22,4479.0,4573.2
2017-08-31 00:00:00,4573.2,4765.21,4566.66,4734.26
2017-09-01 00:00:00,4734.26,4935.0,4671.09,4921.7
2017-09-02 00:00:00,4921.7,4979.9,4488.5,4599.9
2017-09-03 00:00:00,4599.9,4700.0,4385.0,4606.26
2017-09-04 00:00:00,4606.26,4613.97,4058.5,4277.0
2017-09-05 00:00:00,4277.0,4474.88,4001.93,4396.52
2017-09-06 00:00:00,4396.52,4649.23,4356.42,4605.8
2017-09-07 00:00:00,4605.8,4674.34,4475.0,4615.0
2017-09-08 00:00:00,4615.0,4679.97,4125.99,4312.0
2017-09-09 00:00:00,4312.0,4379.78,4164.0,4308.72
2017-09-10 00:00:00,4308.72,4322.44,4010.0,4226.22
2017-09-11 00:00:00,4226.22,4353.49,4092.4,4207.31
2017-09-12 00:00:00,4207.31,4377.65,4080.0,4172.56
2017-09-13 00:00:00,4172.56,4179.14,3720.01,3865.34
2017-09-14 00:00:00,3865.34,3921.74,3210.0,3227.79
2017-09-15 00:00:00,3227.79,3820.0,2977.0,3700.01
2017-09-16 00:00:00,3700.01,3872.9,3500.0,3678.93
2017-09-17 00:00:00,3678.93,3772.52,3463.0,3662.99
2017-09-18 00:00:00,3662.99,4122.7,3659.42,4101.6
2017-09-19 00:00:00,4101.6,4119.7,3848.35,3888.8
2017-09-20 00:00:00,3888.8,4050.0,3820.56,3874.46
2017-09-21 00:00:00,3874.46,3914.0,3573.0,3617.05
2017-09-22 00:00:00,3617.05,3761.84,3514.0,3612.18
2017-09-23 00:00:00,3612.18,3810.25,3552.0,3779.17
2017-09-24 00:00:00,3779.17,3783.25,3615.0,3664.22
2017-09-25 00:00:00,3664.22,3968.59,3658.39,3918.0
2017-09-26 00:00:00,3918.0,3970.0,3850.61,3888.03
2017-09-27 00:00:00,3888.03,4226.73,3870.0,4199.29
2017-09-28 00:00:00,4199.29,4270.01,4123.5,4184.84
2017-09-29 00:00:00,4184.84,4227.62,4022.02,4164.82
2017-09-30 00:00:00,4164.82,4349.0,4154.28,4326.09
2017-10-01 00:00:00,4326.09,4377.22,4216.0,4377.22
2017-10-02 00:00:00,4377.22,4453.0,4352.0,4391.48
2017-10-03 00:00:00,4391.48,4425.0,4218.0,4315.83
2017-10-04 00:00:00,4315.83,4343.0,4170.07,4219.53
2017-10-05 00:00:00,4219.53,4358.97,4137.96,4301.09
2017-10-06 00:00:00,4301.09,4425.0,4278.4,4362.95
2017-10-07 00:00:00,4362.95,4463.0,4312.82,4423.3
2017-10-08 00:00:00,4423.3,4612.0,4404.5,4597.98
2017-10-09 00:00:00,4597.98,4865.0,4541.0,4764.7
2017-10-10 00:00:00,4764.7,4909.97,4700.0,4749.29
2017-10-11 00:00:00,4749.29,4869.78,4700.0,4822.01
2017-10-12 00:00:00,4822.01,5445.0,4793.66,5445.0
2017-10-13 00:00:00,5445.0,5846.43,5380.0,5653.6
2017-10-14 00:00:00,5653.6,5817.34,5558.26,5801.29
2017-10-15 00:00:00,5801.29,5830.0,5415.0,5679.7
2017-10-16 00:00:00,5679.7,5807.11,5548.0,5745.72
2017-10-17 00:00:00,5745.72,5776.31,5506.78,5597.31
2017-10-18 00:00:00,5597.31,5617.75,5101.36,5582.05
2017-10-19 00:00:00,5582.05,5735.14,5512.06,5698.69
2017-10-20 00:00:00,5698.69,6074.0,5589.8,5977.29
2017-10-21 00:00:00,5977.29,6180.0,5871.0,6013.46
2017-10-22 00:00:00,6013.46,6071.07,5700.0,5969.0
2017-10-23 00:00:00,5969.0,6045.34,5617.75,5871.17
2017-10-24 00:00:00,5871.17,5871.17,5453.01,5523.4
2017-10-25 00:00:00,5523.4,5748.0,5366.0,5735.88
2017-10-26 00:00:00,5735.88,5988.0,5683.0,5890.0
2017-10-27 00:00:00,5890.0,5994.06,5674.06,5771.89
2017-10-28 00:00:00,5771.89,5875.66,5646.18,5730.69
2017-10-29 00:00:00,5730.69,6316.85,5683.0,6137.37
2017-10-30 00:00:00,6137.37,6229.77,6024.03,6119.99
2017-10-31 00:00:00,6119.99,6449.78,6072.81,6434.21
2017-11-01 00:00:00,6434.21,6756.36,6340.01,6741.59
2017-11-02 00:00:00,6741.59,7354.1,6700.0,7030.0
2017-11-03 00:00:00,7030.0,7500.0,6925.22,7146.82
2017-11-04 00:00:00,7146.82,7569.9,6994.0,7388.83
2017-11-05 00:00:00,7388.83,7590.0,7275.16,7372.72
2017-11-06 00:00:00,7372.72,7421.39,6922.07,6967.68
2017-11-07 00:00:00,6967.68,7244.69,6945.0,7130.28
2017-11-08 00:00:00,7130.28,7888.0,7080.01,7450.32
2017-11-09 00:00:00,7450.32,7490.0,7061.2,7148.0
2017-11-10 00:00:00,7148.0,7343.18,6429.44,6588.18
2017-11-11 00:00:00,6588.18,6820.0,6218.0,6355.13
2017-11-12 00:00:00,6355.13,6488.88,5555.55,5870.37
2017-11-13 00:00:00,5870.37,6775.75,5846.0,6525.17
2017-11-14 00:00:00,6525.17,6750.0,6466.88,6609.0
2017-11-15 00:00:00,6609.0,7350.0,6609.0,7294.0
2017-11-16 00:00:00,7294.0,7976.79,7120.85,7846.96
2017-11-17 00:00:00,7846.96,7997.0,7528.5,7674.99
2017-11-18 00:00:00,7674.99,7858.0,7431.54,7771.03
2017-11-19 00:00:00,7771.03,8087.35,7675.0,8016.58
2017-11-20 00:00:00,8016.58,8269.99,7900.0,8226.17
2017-11-21 00:00:00,8226.17,8354.46,7770.0,8095.23
2017-11-22 00:00:00,8095.23,8310.89,8045.76,8214.69
2017-11-23 00:00:00,8214.69,8279.76,7980.0,7989.0
2017-11-24 00:00:00,7989.0,8340.0,7876.0,8199.19
2017-11-25 00:00:00,8199.19,8737.0,8114.78,8717.99
2017-11-26 00:00:00,8717.99,9366.6,8538.2,9271.06
2017-11-27 00:00:00,9271.06,9721.7,9267.0,9708.07
2017-11-28 00:00:00,9708.07,9968.0,9582.25,9868.82
2017-11-29 00:00:00,9868.82,11395.0,9289.0,9824.68
2017-11-30 00:00:00,9824.68,10618.29,9000.0,9947.67
2017-12-01 00:00:00,9947.67,10949.89,9370.11,10840.45
2017-12-02 00:00:00,10840.45,11200.0,10637.69,10872.0
2017-12-03 00:00:00,10872.0,11800.01,10513.16,11250.0
2017-12-04 00:00:00,11250.0,11613.07,10850.0,11613.07
2017-12-05 00:00:00,11613.07,11850.0,11384.25,11677.0
2017-12-06 00:00:00,11677.0,13700.0,11659.8,13623.5
2017-12-07 00:00:00,13623.5,16615.62,13085.9,16599.99
2017-12-08 00:00:00,16599.99,16666.66,13482.42,15800.0
2017-12-09 00:00:00,15800.0,15998.5,12701.05,14607.49
2017-12-10 00:00:00,14607.49,15385.0,13011.0,14691.0
2017-12-11 00:00:00,14691.0,17270.0,14677.19,16470.0
2017-12-12 00:00:00,16470.0,17428.42,15967.29,16650.01
2017-12-13 00:00:00,16650.01,17107.03,15497.69,16250.0
2017-12-14 00:00:00,16250.0,16830.45,15852.69,16404.99
2017-12-15 00:00:00,16404.99,17934.0,16337.19,17471.5
2017-12-16 00:00:00,17471.5,19377.0,17269.99,19187.78
2017-12-17 00:00:00,19187.78,19666.0,18465.0,18953.0
2017-12-18 00:00:00,18953.0,19220.0,17835.2,18940.57
2017-12-19 00:00:00,18940.57,19160.79,16831.26,17700.0
2017-12-20 00:00:00,17700.0,17950.0,15343.04,16466.98
2017-12-21 00:00:00,16466.98,17281.17,15005.0,15600.01
2017-12-22 00:00:00,15600.01,15795.61,11159.93,14009.79
2017-12-23 00:00:00,14009.79,15756.22,13496.48,14619.0
2017-12-24 00:00:00,14619.0,14619.1,12488.0,14157.87
2017-12-25 00:00:00,14157.87,14650.0,13210.0,13911.28
2017-12-26 00:00:00,13911.28,16147.87,13746.95,15764.44
2017-12-27 00:00:00,15764.44,16480.52,14484.0,15364.93
2017-12-28 00:00:00,15364.93,15474.19,13500.0,14470.07
2017-12-29 00:00:00,14470.07,15111.0,13998.0,14340.0
2017-12-30 00:00:00,14340.0,14463.28,12050.0,12640.0
2017-12-31 00:00:00,12640.0,14296.06,12491.21,13880.0
2018-01-01 00:00:00,13880.0,13941.75,12801.38,13443.41
2018-01-02 00:00:00,13443.41,15257.53,12910.58,14678.94
2018-01-03 00:00:00,14678.94,15500.0,14546.28,15155.62
2018-01-04 00:00:00,15155.62,15430.27,14192.37,15143.67
2018-01-05 00:00:00,15143.67,17200.0,14810.0,16928.0
2018-01-06 00:00:00,16928.0,17234.99,16220.0,17149.67
2018-01-07 00:00:00,17149.67,17149.97,15707.16,16124.02
2018-01-08 00:00:00,16124.02,16300.0,13900.0,14999.99
2018-01-09 00:00:00,14999.99,15367.18,14123.97,14403.51
2018-01-10 00:00:00,14403.51,14900.0,13412.0,14890.02
2018-01-11 00:00:00,14890.02,14973.07,12800.0,13243.83
2018-01-12 00:00:00,13243.83,14152.19,12807.27,13781.41
2018-01-13 00:00:00,13781.41,14619.1,13781.41,14197.78
2018-01-14 00:00:00,14197.78,14365.81,13072.22,13647.99
2018-01-15 00:00:00,13647.99,14394.36,13429.25,13607.04
2018-01-16 00:00:00,13607.04,13607.04,10162.0,11386.34
2018-01-17 00:00:00,11386.34,11794.07,9222.0,11191.35
2018-01-18 00:00:00,11191.35,12146.0,10693.0,11247.57
2018-01-19 00:00:00,11247.57,12050.39,11025.18,11552.0
2018-01-20 00:00:00,11552.0,13052.12,11515.94,12775.99
2018-01-21 00:00:00,12775.99,12791.88,11100.0,11558.87
2018-01-22 00:00:00,11558.87,11910.78,10028.41,10808.99
2018-01-23 00:00:00,10808.99,11409.87,9927.54,10851.82
2018-01-24 00:00:00,10851.82,11500.0,10488.13,11400.96
2018-01-25 00:00:00,11400.96,11741.82,10868.57,11155.54
2018-01-26 00:00:00,11155.54,11635.0,10263.32,11092.95
2018-01-27 00:00:00,11092.95,11630.47,10815.84,11446.54
2018-01-28 00:00:00,11446.54,11989.15,11360.52,11685.58
2018-01-29 00:00:00,11685.58,11820.01,10991.0,11162.62
2018-01-30 00:00:00,11162.62,11222.36,9731.2,9971.0
2018-01-31 00:00:00,9971.0,10324.0,9514.96,10149.0
2018-02-01 00:00:00,10149.0,10187.56,8455.0,8998.99
2018-02-02 00:00:00,8998.99,9096.79,7625.25,8838.83
2018-02-03 00:00:00,8838.83,9491.2,8170.71,9225.86
2018-02-04 00:00:00,9225.86,9350.09,7825.0,8191.0
2018-02-05 00:00:00,8191.0,8335.56,6600.0,6874.27
2018-02-06 00:00:00,6874.27,8150.0,5920.72,7737.37
2018-02-07 00:00:00,7737.37,8649.0,7213.8,7588.01
2018-02-08 00:00:00,7588.01,8644.36,7565.5,8259.76
2018-02-09 00:00:00,8259.76,8779.62,7753.32,8693.98
2018-02-10 00:00:00,8693.98,9090.8,8170.86,8560.0
2018-02-11 00:00:00,8560.0,8560.0,7820.0,8067.0
2018-02-12 00:00:00,8067.0,8995.0,8067.0,8899.0
2018-02-13 00:00:00,8899.0,8951.89,8360.13,8522.99
2018-02-14 00:00:00,8522.99,9515.0,8504.57,9490.98
2018-02-15 00:00:00,9490.98,10234.0,9350.0,10018.0
2018-02-16 00:00:00,10018.0,10300.0,9707.51,10196.0
2018-02-17 00:00:00,10196.0,11135.83,10053.5,11101.0
2018-02-18 00:00:00,11101.0,11300.0,10153.15,10421.06
2018-02-19 00:00:00,10421.06,11262.48,10307.51,11173.0
2018-02-20 00:00:00,11173.0,11780.0,11080.37,11233.41
2018-02-21 00:00:00,11233.41,11275.74,10256.0,10449.4
2018-02-22 00:00:00,10449.4,10935.0,9731.2,9843.34
2018-02-23 00:00:00,9843.34,10405.3,9600.0,10166.1
2018-02-24 00:00:00,10166.1,10540.63,9373.48,9689.99
2018-02-25 00:00:00,9689.99,9883.41,9260.0,9590.04
2018-02-26 00:00:00,9590.04,10461.97,9376.34,10324.7
2018-02-27 00:00:00,10324.7,10850.0,10150.0,10566.3
2018-02-28 00:00:00,10572.49,11064.75,10255.07,10314.9
2018-03-01 00:00:00,10314.99,11090.0,10223.41,10903.13
2018-03-02 00:00:00,10917.37,11175.0,10774.01,11029.99
2018-03-03 00:00:00,11032.81,11503.24,11022.85,11445.0
2018-03-04 00:00:00,11445.0,11511.0,11054.91,11463.27
2018-03-05 00:00:00,11479.68,11688.0,11383.66,11419.24
2018-03-06 00:00:00,11417.39,11420.01,10560.19,10723.76
2018-03-07 00:00:00,10723.01,10911.78,9450.0,9913.03
2018-03-08 00:00:00,9904.52,10150.0,9078.95,9285.32
2018-03-09 00:00:00,9293.06,9420.39,8366.0,9230.0
2018-03-10 00:00:00,9228.83,9514.96,8697.0,8791.47
2018-03-11 00:00:00,8795.04,9768.37,8450.0,9535.04
2018-03-12 00:00:00,9535.04,9892.0,8742.07,9120.75
2018-03-13 00:00:00,9115.24,9482.79,8830.0,9142.32
2018-03-14 00:00:00,9152.07,9356.14,7948.0,8196.69
2018-03-15 00:00:00,8195.99,8425.0,7682.0,8265.05
2018-03-16 00:00:00,8265.05,8613.06,7914.08,8258.54
2018-03-17 00:00:00,8258.54,8356.4,7730.23,7860.83
2018-03-18 00:00:00,7860.83,8324.92,7325.37,8188.24
2018-03-19 00:00:00,8205.55,8718.74,8114.17,8596.93
2018-03-20 00:00:00,8596.79,9051.0,8313.01,8904.02
2018-03-21 00:00:00,8904.02,9188.1,8754.83,8893.79
2018-03-22 00:00:00,8892.18,9099.59,8503.52,8704.67
2018-03-23 00:00:00,8708.52,8920.79,8265.0,8920.79
2018-03-24 00:00:00,8917.99,9020.0,8505.0,8547.0
2018-03-25 00:00:00,8541.96,8680.0,8368.63,8453.9
2018-03-26 00:00:00,8451.12,8500.0,7831.15,8149.66
2018-03-27 00:00:00,8152.26,8211.62,7742.11,7791.7
2018-03-28 00:00:00,7791.69,8104.98,7723.03,7932.41
2018-03-29 00:00:00,7932.41,7968.0,6914.53,7088.38
2018-03-30 00:00:00,7086.14,7302.35,6550.0,6850.0
2018-03-31 00:00:00,6839.63,7231.73,6794.26,6928.62
2018-04-01 00:00:00,6926.5,7045.71,6427.16,6813.52
2018-04-02 00:00:00,6816.31,7106.5,6759.96,7052.76
2018-04-03 00:00:00,7052.75,7506.84,7001.28,7416.27
2018-04-04 00:00:00,7415.53,7430.0,6710.38,6799.95
2018-04-05 00:00:00,6799.37,6928.7,6578.95,6771.69
2018-04-06 00:00:00,6771.3,6850.0,6510.0,6618.33
2018-04-07 00:00:00,6627.7,7069.13,6600.99,6904.9
2018-04-08 00:00:00,6904.21,7104.52,6894.8,7027.26
2018-04-09 00:00:00,7027.26,7175.83,6611.49,6780.1
2018-04-10 00:00:00,6782.39,6900.0,6653.21,6835.67
2018-04-11 00:00:00,6824.75,6984.92,6809.26,6940.94
2018-04-12 00:00:00,6940.94,8069.34,6758.45,7923.78
2018-04-13 00:00:00,7923.78,8239.33,7753.32,7896.92
2018-04-14 00:00:00,7885.9,8232.14,7835.0,8000.41
2018-04-15 00:00:00,8003.39,8417.0,8001.23,8354.22
2018-04-16 00:00:00,8353.43,8424.99,7905.0,8048.15
2018-04-17 00:00:00,8054.68,8160.85,7806.81,7890.87
2018-04-18 00:00:00,7890.87,8235.0,7870.35,8172.84
2018-04-19 00:00:00,8172.83,8297.99,8074.44,8271.31
2018-04-20 00:00:00,8273.0,8934.0,8216.9,8861.0
2018-04-21 00:00:00,8865.78,9023.4,8608.0,8920.71
2018-04-22 00:00:00,8924.93,9036.52,8760.0,8789.96
2018-04-23 00:00:00,8781.7,9006.39,8771.22,8946.95
2018-04-24 00:00:00,8942.0,9737.16,8930.0,9648.0
2018-04-25 00:00:00,9648.36,9755.53,8751.0,8864.99
2018-04-26 00:00:00,8855.07,9326.79,8647.29,9274.48
2018-04-27 00:00:00,9277.32,9387.82,8901.09,8921.43
2018-04-28 00:00:00,8916.54,9442.34,8854.47,9345.11
2018-04-29 00:00:00,9352.97,9538.75,9180.0,9393.99
2018-04-30 00:00:00,9396.32,9443.96,9111.0,9242.17
2018-05-01 00:00:00,9243.51,9249.99,8815.91,9066.9
2018-05-02 00:00:00,9066.9,9259.16,8975.23,9222.0
2018-05-03 00:00:00,9220.0,9799.99,9165.19,9732.43
2018-05-04 00:00:00,9737.0,9784.73,9527.38,9696.57
2018-05-05 00:00:00,9689.0,9948.98,9670.68,9823.28
2018-05-06 00:00:00,9827.04,9918.41,9375.0,9623.54
2018-05-07 00:00:00,9621.99,9634.5,9175.0,9359.52
2018-05-08 00:00:00,9356.79,9450.0,9015.0,9167.69
2018-05-09 00:00:00,9181.52,9368.79,8974.62,9308.49
2018-05-10 00:00:00,9308.49,9393.0,8987.74,9020.99
2018-05-11 00:00:00,9007.19,9018.38,8351.0,8411.42
2018-05-12 00:00:00,8408.79,8652.8,8208.81,8481.6
2018-05-13 00:00:00,8481.72,8775.9,8335.56,8696.58
2018-05-14 00:00:00,8696.54,8900.9,8286.57,8674.36
2018-05-15 00:00:00,8674.53,8865.0,8400.0,8474.99
2018-05-16 00:00:00,8481.99,8505.33,8100.01,8346.59
2018-05-17 00:00:00,8337.77,8500.0,7980.0,8067.03
2018-05-18 00:00:00,8058.16,8275.1,7929.53,8248.87
2018-05-19 00:00:00,8248.99,8395.0,8141.08,8231.2
2018-05-20 00:00:00,8225.55,8590.0,8170.71,8518.48
2018-05-21 00:00:00,8518.64,8589.1,8320.0,8391.76
2018-05-22 00:00:00,8403.23,8417.65,7951.41,7984.08
2018-05-23 00:00:00,7983.98,8032.01,7435.49,7502.89
2018-05-24 00:00:00,7509.99,7733.99,7267.24,7586.88
2018-05-25 00:00:00,7579.3,7661.07,7328.13,7471.18
2018-05-26 00:00:00,7459.21,7622.87,7276.04,7335.99
2018-05-27 00:00:00,7335.99,7412.57,7213.09,7347.39
2018-05-28 00:00:00,7348.64,7445.0,7084.99,7112.5
2018-05-29 00:00:00,7112.2,7537.0,7026.9,7469.45
2018-05-30 00:00:00,7469.45,7559.0,7273.89,7375.73
2018-05-31 00:00:00,7375.64,7601.23,7330.22,7492.28
2018-06-01 00:00:00,7492.28,7620.01,7348.45,7511.6
2018-06-02 00:00:00,7511.72,7700.0,7438.92,7642.0
2018-06-03 00:00:00,7642.0,7790.69,7581.03,7703.67
2018-06-04 00:00:00,7712.97,7764.44,7449.68,7488.26
2018-06-05 00:00:00,7494.99,7685.0,7360.0,7617.98
2018-06-06 00:00:00,7617.98,7695.46,7482.61,7658.57
2018-06-07 00:00:00,7658.99,7750.0,7618.99,7689.28
2018-06-08 00:00:00,7676.41,7697.0,7542.0,7618.11
2018-06-09 00:00:00,7618.11,7686.45,7468.31,7492.7
2018-06-10 00:00:00,7498.0,7498.0,6627.7,6781.17
2018-06-11 00:00:00,6781.17,6919.97,6634.86,6880.61
2018-06-12 00:00:00,6880.76,6880.76,6461.42,6557.67
2018-06-13 00:00:00,6557.66,6624.45,6120.0,6307.4
2018-06-14 00:00:00,6308.49,6708.1,6270.69,6646.1
2018-06-15 00:00:00,6638.8,6666.66,6370.0,6390.6
2018-06-16 00:00:00,6390.6,6557.81,6333.63,6487.92
2018-06-17 00:00:00,6487.92,6575.35,6429.23,6453.41
2018-06-18 00:00:00,6451.03,6793.0,6381.25,6707.5
2018-06-19 00:00:00,6711.3,6841.81,6660.21,6736.52
2018-06-20 00:00:00,6728.44,6809.26,6558.95,6756.58
2018-06-21 00:00:00,6756.6,6792.2,6677.85,6718.33
2018-06-22 00:00:00,6718.33,6737.97,5940.0,6050.45
2018-06-23 00:00:00,6055.17,6261.0,6048.54,6177.38
2018-06-24 00:00:00,6169.91,6255.05,5780.0,6153.4
2018-06-25 00:00:00,6153.6,6365.34,6075.01,6253.61
2018-06-26 00:00:00,6252.28,6277.0,6025.68,6068.0
2018-06-27 00:00:00,6073.99,6181.11,5985.0,6135.64
2018-06-28 00:00:00,6135.64,6165.49,5818.14,5848.33
2018-06-29 00:00:00,5845.2,6299.0,5774.72,6204.24
2018-06-30 00:00:00,6204.01,6510.0,6190.28,6385.71
2018-07-01 00:00:00,6385.75,6438.55,6259.34,6349.99
2018-07-02 00:00:00,6345.48,6667.57,6270.69,6612.98
2018-07-03 00:00:00,6605.46,6666.0,6464.39,6507.99
2018-07-04 00:00:00,6507.99,6792.28,6413.2,6584.25
2018-07-05 00:00:00,6575.62,6700.0,6445.31,6533.69
2018-07-06 00:00:00,6533.69,6636.15,6449.76,6596.53
2018-07-07 00:00:00,6604.74,6820.0,6510.0,6759.99
2018-07-08 00:00:00,6755.46,6783.54,6674.6,6706.6
2018-07-09 00:00:00,6706.6,6814.72,6620.0,6666.75
2018-07-10 00:00:00,6666.75,6683.9,6270.84,6299.46
2018-07-11 00:00:00,6304.45,6400.0,6285.0,6380.0
2018-07-12 00:00:00,6379.13,6380.0,6072.0,6243.88
2018-07-13 00:00:00,6243.53,6337.25,6121.01,6215.59
2018-07-14 00:00:00,6208.78,6317.84,6180.0,6243.98
2018-07-15 00:00:00,6245.99,6397.21,6227.76,6349.3
2018-07-16 00:00:00,6353.25,6755.0,6333.63,6721.04
2018-07-17 00:00:00,6721.21,7468.31,6657.95,7310.71
2018-07-18 00:00:00,7310.71,7599.98,7239.15,7378.1
2018-07-19 00:00:00,7384.92,7570.9,7278.84,7471.42
2018-07-20 00:00:00,7474.35,7696.88,7265.0,7330.84
2018-07-21 00:00:00,7330.84,7458.0,7212.0,7409.92
2018-07-22 00:00:00,7398.16,7581.03,7336.15,7396.6
2018-07-23 00:00:00,7393.5,7800.0,7369.86,7719.62
2018-07-24 00:00:00,7712.46,8496.96,7691.14,8403.83
2018-07-25 00:00:00,8394.48,8475.0,8049.22,8174.06
2018-07-26 00:00:00,8174.06,8314.23,7855.97,7926.0
2018-07-27 00:00:00,7926.0,8274.98,7798.48,8183.05
2018-07-28 00:00:00,8177.72,8259.0,8051.43,8237.74
2018-07-29 00:00:00,8231.07,8299.99,8109.74,8216.74
2018-07-30 00:00:00,8216.74,8295.0,7853.01,8160.21
2018-07-31 00:00:00,8162.28,8162.37,7633.67,7725.43
2018-08-01 00:00:00,7726.85,7761.56,7440.0,7602.01
2018-08-02 00:00:00,7600.22,7709.98,7455.0,7536.37
2018-08-03 00:00:00,7535.0,7542.92,7286.41,7416.98
2018-08-04 00:00:00,7416.98,7494.48,6926.0,7009.99
2018-08-05 00:00:00,7009.94,7086.8,6888.88,7032.61
2018-08-06 00:00:00,7028.89,7157.93,6835.06,6936.11
2018-08-07 00:00:00,6932.18,7155.0,6671.0,6717.68
2018-08-08 00:00:00,6717.67,6717.68,6121.0,6283.59
2018-08-09 00:00:00,6283.89,6627.0,6190.01,6543.76
2018-08-10 00:00:00,6544.98,6584.05,5995.75,6139.99
2018-08-11 00:00:00,6139.99,6494.13,6000.0,6239.98
2018-08-12 00:00:00,6240.49,6493.77,6163.44,6310.82
2018-08-13 00:00:00,6311.99,6544.37,6142.2,6252.63
2018-08-14 00:00:00,6252.63,6254.02,5880.0,6193.62
2018-08-15 00:00:00,6194.3,6628.5,6186.02,6272.3
2018-08-16 00:00:00,6273.34,6477.57,6208.37,6313.51
2018-08-17 00:00:00,6314.08,6584.49,6290.64,6580.15
2018-08-18 00:00:00,6578.13,6615.0,6303.0,6399.28
2018-08-19 00:00:00,6397.37,6545.0,6312.0,6481.99
2018-08-20 00:00:00,6481.63,6522.99,6223.9,6260.82
2018-08-21 00:00:00,6260.83,6513.28,6246.05,6479.27
2018-08-22 00:00:00,6478.99,6906.81,6250.0,6355.76
2018-08-23 00:00:00,6355.97,6575.99,6344.8,6525.01
2018-08-24 00:00:00,6525.99,6721.09,6445.32,6692.94
2018-08-25 00:00:00,6692.99,6800.0,6664.25,6732.4
2018-08-26 00:00:00,6732.99,6775.34,6558.95,6700.46
2018-08-27 00:00:00,6700.13,6944.47,6641.35,6904.51
2018-08-28 00:00:00,6911.7,7125.28,6861.17,7080.94
2018-08-29 00:00:00,7079.46,7124.06,6890.0,7032.96
2018-08-30 00:00:00,7034.47,7055.97,6792.85,6984.01
2018-08-31 00:00:00,6984.34,7101.03,6879.0,7017.35
2018-09-01 00:00:00,7015.78,7300.18,7015.22,7185.01
2018-09-02 00:00:00,7195.8,7334.5,7130.63,7290.31
2018-09-03 00:00:00,7291.94,7340.08,7184.0,7258.99
2018-09-04 00:00:00,7261.29,7411.85,7231.0,7361.0
2018-09-05 00:00:00,7353.48,7387.0,6650.0,6679.3
2018-09-06 00:00:00,6671.95,6705.59,6253.29,6493.09
2018-09-07 00:00:00,6488.01,6525.0,6322.0,6400.0
2018-09-08 00:00:00,6401.01,6465.46,6113.23,6178.31
2018-09-09 00:00:00,6178.31,6451.51,6094.38,6236.04
2018-09-10 00:00:00,6238.99,6351.13,6223.9,6301.99
2018-09-11 00:00:00,6303.99,6405.0,6162.06,6279.99
2018-09-12 00:00:00,6274.6,6350.0,6192.89,6322.45
2018-09-13 00:00:00,6326.83,6537.46,6324.37,6485.7
2018-09-14 00:00:00,6482.95,6587.0,6384.36,6476.51
2018-09-15 00:00:00,6476.51,6570.1,6466.74,6520.15
2018-09-16 00:00:00,6521.49,6524.84,6349.47,6499.98
2018-09-17 00:00:00,6499.28,6530.24,6200.0,6254.52
2018-09-18 00:00:00,6251.49,6390.0,6226.63,6332.34
2018-09-19 00:00:00,6330.0,6510.0,6100.0,6388.4
2018-09-20 00:00:00,6388.4,6535.11,6333.63,6492.98
2018-09-21 00:00:00,6492.98,6775.34,6483.83,6749.45
2018-09-22 00:00:00,6748.85,6826.28,6624.79,6710.01
2018-09-23 00:00:00,6710.01,6774.91,6659.0,6702.22
2018-09-24 00:00:00,6703.37,6721.68,6550.96,6581.52
2018-09-25 00:00:00,6578.7,6579.59,6324.96,6428.99
2018-09-26 00:00:00,6428.09,6540.0,6379.44,6461.51
2018-09-27 00:00:00,6454.32,6736.85,6431.95,6681.62
2018-09-28 00:00:00,6684.5,6792.28,6525.67,6610.76
2018-09-29 00:00:00,6609.02,6609.02,6454.0,6579.38
2018-09-30 00:00:00,6574.29,6628.06,6510.0,6597.81
2018-10-01 00:00:00,6597.79,6638.15,6477.57,6571.2
2018-10-02 00:00:00,6569.32,6597.0,6447.28,6500.0
2018-10-03 00:00:00,6500.0,6510.0,6396.34,6456.77
2018-10-04 00:00:00,6454.81,6604.89,6450.58,6547.56
2018-10-05 00:00:00,6548.83,6641.35,6510.0,6582.12
2018-10-06 00:00:00,6582.11,6595.69,6526.28,6544.08
2018-10-07 00:00:00,6547.93,6600.0,6493.92,6577.63
2018-10-08 00:00:00,6574.15,6656.63,6541.06,6604.75
2018-10-09 00:00:00,6604.76,6623.14,6553.13,6588.8
2018-10-10 00:00:00,6588.72,6589.79,6387.91,6517.55
2018-10-11 00:00:00,6517.55,6520.43,6055.28,6152.76
2018-10-12 00:00:00,6152.76,6243.79,6109.79,6185.15
2018-10-13 00:00:00,6182.03,6219.77,6168.83,6199.69
2018-10-14 00:00:00,6201.23,6349.47,6143.08,6183.0
2018-10-15 00:00:00,6185.04,6756.0,6149.28,6441.74
2018-10-16 00:00:00,6438.2,6493.77,6386.4,6461.2
2018-10-17 00:00:00,6457.67,6465.39,6407.69,6437.29
2018-10-18 00:00:00,6440.07,6490.0,6350.0,6396.18
2018-10-19 00:00:00,6394.23,6412.4,6355.99,6383.46
2018-10-20 00:00:00,6380.47,6424.16,6363.02,6412.86
2018-10-21 00:00:00,6412.86,6470.0,6401.01,6413.38
2018-10-22 00:00:00,6412.62,6429.23,6372.53,6406.06
2018-10-23 00:00:00,6409.39,6421.58,6354.26,6393.41
2018-10-24 00:00:00,6396.24,6473.0,6393.0,6411.96
2018-10-25 00:00:00,6411.96,6422.73,6361.73,6393.53
2018-10-26 00:00:00,6393.38,6450.3,6377.81,6406.1
2018-10-27 00:00:00,6406.1,6420.01,6381.25,6407.66
2018-10-28 00:00:00,6407.66,6420.0,6383.0,6405.57
2018-10-29 00:00:00,6404.27,6420.0,6208.37,6266.52
2018-10-30 00:00:00,6266.47,6289.0,6240.0,6269.46
2018-10-31 00:00:00,6269.45,6350.0,6199.25,6303.27
2018-11-01 00:00:00,6304.5,6365.33,6288.01,6340.99
2018-11-02 00:00:00,6343.85,6381.25,6328.33,6350.43
2018-11-03 00:00:00,6350.05,6351.74,6312.48,6335.0
2018-11-04 00:00:00,6333.59,6475.0,6310.57,6421.76
2018-11-05 00:00:00,6428.23,6441.43,6369.89,6403.2
2018-11-06 00:00:00,6404.97,6460.01,6378.24,6447.5
2018-11-07 00:00:00,6448.17,6544.0,6442.47,6501.0
2018-11-08 00:00:00,6501.0,6511.27,6388.88,6405.49
2018-11-09 00:00:00,6405.49,6418.18,6307.0,6325.0
2018-11-10 00:00:00,6325.0,6377.26,6323.0,6349.32
2018-11-11 00:00:00,6349.39,6365.0,6269.46,6357.54
2018-11-12 00:00:00,6352.57,6388.21,6298.5,6318.0
2018-11-13 00:00:00,6318.01,6328.36,6244.35,6260.91
2018-11-14 00:00:00,6255.86,6298.47,5324.0,5595.91
2018-11-15 00:00:00,5592.23,5641.0,5199.8,5585.0
2018-11-16 00:00:00,5571.12,5610.0,5411.74,5508.71
2018-11-17 00:00:00,5514.62,5550.66,5452.63,5503.36
2018-11-18 00:00:00,5503.36,5658.47,5500.0,5559.26
2018-11-19 00:00:00,5553.01,5559.69,4694.44,4735.44
2018-11-20 00:00:00,4732.92,4897.36,4048.58,4352.0
2018-11-21 00:00:00,4349.41,4635.0,4242.33,4538.01
2018-11-22 00:00:00,4551.47,4589.53,4194.98,4275.23
2018-11-23 00:00:00,4268.4,4364.46,4061.02,4288.26
2018-11-24 00:00:00,4288.25,4376.88,3638.48,3785.65
2018-11-25 00:00:00,3780.67,4120.0,3474.73,3938.89
2018-11-26 00:00:00,3934.22,4069.59,3522.28,3727.34
2018-11-27 00:00:00,3727.34,3834.35,3548.76,3771.01
2018-11-28 00:00:00,3771.01,4355.08,3771.0,4220.16
2018-11-29 00:00:00,4219.77,4409.77,4086.97,4249.8
2018-11-30 00:00:00,4250.0,4300.0,3861.0,3971.06
2018-12-01 00:00:00,3970.56,4264.47,3904.34,4140.39
2018-12-02 00:00:00,4140.4,4265.0,4030.0,4102.05
2018-12-03 00:00:00,4099.63,4115.15,3747.0,3834.34
2018-12-04 00:00:00,3830.81,4033.98,3730.0,3903.52
2018-12-05 00:00:00,3903.52,3913.62,3662.35,3696.69
2018-12-06 00:00:00,3694.03,3844.79,3415.22,3437.26
2018-12-07 00:00:00,3437.22,3531.0,3210.0,3380.68
2018-12-08 00:00:00,3376.27,3495.99,3241.0,3398.8
2018-12-09 00:00:00,3398.8,3633.2,3371.09,3529.75
2018-12-10 00:00:00,3528.68,3588.43,3355.0,3408.0
2018-12-11 00:00:00,3406.41,3427.27,3292.65,3353.42
2018-12-12 00:00:00,3345.01,3490.0,3325.7,3430.18
2018-12-13 00:00:00,3430.2,3441.13,3221.14,3262.73
2018-12-14 00:00:00,3263.55,3294.81,3135.55,3195.75
2018-12-15 00:00:00,3194.04,3230.0,3122.28,3179.54
2018-12-16 00:00:00,3180.84,3259.43,3178.23,3193.78
2018-12-17 00:00:00,3191.41,3590.0,3181.26,3496.73
2018-12-18 00:00:00,3499.37,3684.0,3422.77,3667.16
2018-12-19 00:00:00,3667.16,3924.01,3642.69,3684.5
2018-12-20 00:00:00,3684.03,4172.07,3656.75,4073.77
2018-12-21 00:00:00,4073.58,4162.0,3770.0,3841.08
2018-12-22 00:00:00,3842.59,4010.16,3780.09,3980.9
2018-12-23 00:00:00,3977.65,4051.0,3900.0,3943.83
2018-12-24 00:00:00,3947.82,4236.84,3944.84,4036.0
2018-12-25 00:00:00,4034.54,4049.23,3674.73,3779.99
2018-12-26 00:00:00,3780.0,3863.34,3678.8,3810.01
2018-12-27 00:00:00,3810.01,3841.17,3566.0,3591.69
2018-12-28 00:00:00,3590.26,3970.0,3575.0,3884.97
2018-12-29 00:00:00,3884.66,3961.85,3702.51,3725.48
2018-12-30 00:00:00,3728.96,3870.0,3688.76,3835.79
2018-12-31 00:00:00,3831.03,3842.89,3630.0,3693.3
2019-01-01 00:00:00,3693.85,3845.46,3629.66,3823.44
2019-01-02 00:00:00,3825.41,3918.67,3770.0,3885.87
2019-01-03 00:00:00,3890.27,3893.4,3760.0,3787.81
2019-01-04 00:00:00,3785.64,3850.33,3732.38,3817.71
2019-01-05 00:00:00,3822.0,3887.09,3780.0,3791.84
2019-01-06 00:00:00,3795.38,4090.0,3753.0,4040.71
2019-01-07 00:00:00,4040.71,4070.0,3964.01,4005.45
2019-01-08 00:00:00,4005.0,4112.0,3934.73,3994.9
2019-01-09 00:00:00,3994.75,4060.0,3948.44,4002.13
2019-01-10 00:00:00,4003.09,4036.22,3503.44,3627.51
2019-01-11 00:00:00,3627.65,3704.6,3569.85,3632.02
2019-01-12 00:00:00,3631.0,3650.35,3557.09,3617.13
2019-01-13 00:00:00,3617.75,3654.02,3476.0,3515.95
2019-01-14 00:00:00,3517.03,3714.0,3506.0,3664.28
2019-01-15 00:00:00,3664.28,3687.02,3534.68,3576.93
2019-01-16 00:00:00,3576.92,3669.0,3570.48,3605.91
2019-01-17 00:00:00,3609.5,3660.0,3534.25,3638.01
2019-01-18 00:00:00,3638.01,3641.9,3577.0,3609.21
2019-01-19 00:00:00,3609.29,3774.0,3602.6,3681.0
2019-01-20 00:00:00,3680.0,3703.27,3470.0,3536.72
2019-01-21 00:00:00,3537.42,3573.29,3485.58,3531.51
2019-01-22 00:00:00,3531.51,3615.8,3401.36,3576.81
2019-01-23 00:00:00,3574.44,3620.23,3518.0,3552.32
2019-01-24 00:00:00,3553.2,3598.0,3524.0,3570.73
2019-01-25 00:00:00,3570.67,3578.79,3511.0,3560.0
2019-01-26 00:00:00,3560.94,3657.89,3536.51,3555.56
2019-01-27 00:00:00,3555.31,3564.12,3456.0,3533.23
2019-01-28 00:00:00,3532.23,3536.77,3357.3,3429.5
2019-01-29 00:00:00,3431.43,3438.76,3322.19,3390.5
2019-01-30 00:00:00,3391.25,3465.05,3372.34,3437.35
2019-01-31 00:00:00,3438.0,3474.2,3392.6,3413.11
2019-02-01 00:00:00,3413.69,3460.0,3364.53,3434.83
2019-02-02 00:00:00,3434.83,3485.0,3406.38,3462.82
2019-02-03 00:00:00,3470.5,3476.33,3384.67,3414.82
2019-02-04 00:00:00,3413.75,3439.46,3394.85,3410.87
2019-02-05 00:00:00,3409.81,3435.0,3396.0,3431.39
2019-02-06 00:00:00,3431.81,3445.6,3328.7,3364.62
2019-02-07 00:00:00,3364.0,3383.29,3350.0,3359.33
2019-02-08 00:00:00,3358.39,3711.04,3337.91,3622.94
2019-02-09 00:00:00,3626.12,3639.74,3589.52,3622.62
2019-02-10 00:00:00,3622.74,3662.43,3576.16,3650.37
2019-02-11 00:00:00,3651.32,3652.56,3578.7,3588.7
2019-02-12 00:00:00,3588.99,3619.93,3548.28,3585.94
2019-02-13 00:00:00,3585.7,3629.81,3541.0,3574.93
2019-02-14 00:00:00,3575.01,3590.74,3531.01,3560.46
2019-02-15 00:00:00,3560.45,3620.53,3544.88,3566.29
2019-02-16 00:00:00,3566.29,3609.0,3561.96,3579.92
2019-02-17 00:00:00,3580.43,3663.34,3553.98,3625.6
2019-02-18 00:00:00,3625.6,3916.47,3614.82,3869.8
2019-02-19 00:00:00,3870.97,4000.0,3840.08,3888.46
2019-02-20 00:00:00,3889.92,3967.52,3861.49,3936.53
2019-02-21 00:00:00,3936.8,3989.99,3866.25,3900.4
2019-02-22 00:00:00,3900.64,3957.0,3882.59,3939.82
2019-02-23 00:00:00,3939.83,4157.87,3905.63,4113.53
2019-02-24 00:00:00,4113.56,4190.0,3714.42,3730.68
2019-02-25 00:00:00,3733.78,3861.81,3732.6,3820.71
2019-02-26 00:00:00,3817.93,3830.0,3760.09,3795.06
2019-02-27 00:00:00,3794.42,3822.85,3658.19,3798.47
2019-02-28 00:00:00,3796.49,3897.62,3755.0,3791.36
2019-03-01 00:00:00,3791.02,3845.3,3789.5,3807.05
2019-03-02 00:00:00,3805.0,3818.75,3760.0,3810.46
2019-03-03 00:00:00,3810.47,3822.39,3756.0,3789.52
2019-03-04 00:00:00,3789.7,3806.9,3670.0,3698.66
2019-03-05 00:00:00,3698.65,3877.1,3690.0,3844.07
2019-03-06 00:00:00,3844.07,3895.12,3808.8,3851.55
2019-03-07 00:00:00,3851.26,3891.04,3826.13,3856.64
2019-03-08 00:00:00,3856.78,3924.37,3760.1,3844.64
2019-03-09 00:00:00,3841.27,3950.25,3835.66,3916.43
2019-03-10 00:00:00,3916.42,3916.43,3862.0,3897.92
2019-03-11 00:00:00,3898.14,3912.89,3812.64,3849.25
2019-03-12 00:00:00,3848.86,3877.69,3791.07,3859.74
2019-03-13 00:00:00,3861.37,3874.68,3820.0,3848.48
2019-03-14 00:00:00,3848.1,3903.98,3775.01,3854.77
2019-03-15 00:00:00,3857.33,3912.06,3843.09,3901.21
2019-03-16 00:00:00,3899.19,4040.0,3899.12,3990.0
2019-03-17 00:00:00,3990.0,3992.42,3927.28,3965.5
2019-03-18 00:00:00,3965.63,4016.63,3929.83,3969.59
2019-03-19 00:00:00,3969.94,4012.63,3947.15,3998.13
2019-03-20 00:00:00,3999.5,4050.0,3962.6,4031.59
2019-03-21 00:00:00,4033.7,4055.35,3919.63,3974.21
2019-03-22 00:00:00,3974.5,4000.81,3958.94,3982.07
2019-03-23 00:00:00,3980.4,4001.17,3957.11,3982.52
2019-03-24 00:00:00,3979.19,3980.97,3942.04,3969.99
2019-03-25 00:00:00,3970.23,3980.22,3850.45,3910.51
2019-03-26 00:00:00,3910.0,3936.36,3879.5,3922.58
2019-03-27 00:00:00,3922.58,4037.11,3912.19,4025.5
2019-03-28 00:00:00,4025.5,4025.56,3992.6,4012.23
2019-03-29 00:00:00,4011.0,4102.57,4005.0,4090.0
2019-03-30 00:00:00,4090.0,4130.36,4040.0,4094.92
2019-03-31 00:00:00,4094.92,4101.7,4074.29,4096.08
2019-04-01 00:00:00,4092.02,4150.0,4052.56,4136.32
2019-04-02 00:00:00,4133.93,5080.0,4130.64,4899.63
2019-04-03 00:00:00,4899.01,5345.0,4800.5,4978.23
2019-04-04 00:00:00,4972.83,5077.35,4778.59,4907.94
2019-04-05 00:00:00,4911.14,5067.62,4883.83,5039.73
2019-04-06 00:00:00,5041.0,5240.0,4900.0,5041.39
2019-04-07 00:00:00,5041.92,5253.49,5028.3,5190.85
2019-04-08 00:00:00,5192.92,5347.37,5127.68,5287.88
2019-04-09 00:00:00,5287.97,5288.95,5136.01,5192.6
2019-04-10 00:00:00,5184.03,5466.06,5161.0,5323.47
2019-04-11 00:00:00,5323.47,5344.31,4966.87,5040.2
2019-04-12 00:00:00,5037.82,5122.48,4912.0,5076.35
2019-04-13 00:00:00,5075.74,5122.01,5033.73,5063.63
2019-04-14 00:00:00,5064.0,5185.26,5012.73,5162.72
2019-04-15 00:00:00,5160.54,5192.01,4948.57,5027.31
2019-04-16 00:00:00,5027.33,5231.96,5014.77,5202.43
2019-04-17 00:00:00,5201.47,5275.07,5170.01,5233.72
2019-04-18 00:00:00,5227.6,5325.0,5218.23,5281.58
2019-04-19 00:00:00,5283.0,5357.96,5180.37,5289.91
2019-04-20 00:00:00,5289.91,5362.97,5253.82,5318.89
2019-04-21 00:00:00,5318.94,5346.91,5212.8,5295.65
2019-04-22 00:00:00,5295.96,5439.12,5249.0,5386.8
2019-04-23 00:00:00,5388.22,5627.0,5363.24,5531.32
2019-04-24 00:00:00,5531.29,5623.3,5372.0,5440.95
2019-04-25 00:00:00,5440.95,5510.0,4991.42,5132.55
2019-04-26 00:00:00,5132.5,5291.48,5046.31,5155.19
2019-04-27 00:00:00,5154.11,5218.31,5113.0,5168.91
2019-04-28 00:00:00,5171.51,5213.23,5099.0,5160.98
2019-04-29 00:00:00,5152.98,5191.96,5071.58,5149.11
2019-04-30 00:00:00,5150.21,5287.4,5127.05,5269.0
2019-05-01 00:00:00,5267.86,5357.96,5263.03,5318.42
2019-05-02 00:00:00,5322.28,5422.94,5304.99,5385.0
2019-05-03 00:00:00,5385.0,5796.56,5363.1,5658.22
2019-05-04 00:00:00,5659.82,5846.13,5510.0,5764.65
2019-05-05 00:00:00,5766.46,5782.55,5624.25,5709.32
2019-05-06 00:00:00,5714.4,5755.79,5562.44,5685.46
2019-05-07 00:00:00,5686.88,5970.0,5686.88,5751.54
2019-05-08 00:00:00,5751.54,5986.0,5658.66,5940.89
2019-05-09 00:00:00,5945.32,6172.0,5932.83,6156.7
2019-05-10 00:00:00,6151.66,6426.8,6105.0,6342.84
2019-05-11 00:00:00,6338.93,7445.0,6338.93,7217.47
2019-05-12 00:00:00,7214.4,7585.0,6762.57,6974.35
2019-05-13 00:00:00,6968.84,8167.5,6863.75,7810.05
2019-05-14 00:00:00,7810.72,8335.56,7618.99,7986.0
2019-05-15 00:00:00,7991.72,8300.0,7838.0,8208.69
2019-05-16 00:00:00,8203.97,8390.95,7654.93,7880.0
2019-05-17 00:00:00,7879.28,7942.09,6178.0,7351.71
2019-05-18 00:00:00,7352.39,7493.85,7205.57,7260.12
2019-05-19 00:00:00,7257.82,8299.99,7247.86,8200.0
2019-05-20 00:00:00,8193.45,8199.97,7581.03,8005.64
2019-05-21 00:00:00,8007.67,8117.48,7676.27,7955.16
2019-05-22 00:00:00,7949.18,8049.22,7505.69,7624.95
2019-05-23 00:00:00,7622.9,7980.0,7468.31,7880.22
2019-05-24 00:00:00,7880.4,8188.87,7795.95,7999.02
2019-05-25 00:00:00,7999.02,8158.45,7939.76,8064.64
2019-05-26 00:00:00,8066.15,8802.29,7888.91,8733.26
2019-05-27 00:00:00,8733.27,8939.18,8653.68,8770.73
2019-05-28 00:00:00,8774.45,8817.41,8540.94,8717.96
2019-05-29 00:00:00,8715.35,8762.39,8421.12,8663.41
2019-05-30 00:00:00,8663.07,9096.79,8000.0,8277.76
2019-05-31 00:00:00,8277.76,8589.99,8109.74,8547.2
2019-06-01 00:00:00,8545.8,8624.72,8457.33,8556.27
2019-06-02 00:00:00,8560.1,8833.97,8546.01,8734.49
2019-06-03 00:00:00,8735.84,8745.96,8049.22,8103.64
2019-06-04 00:00:00,8103.63,8103.63,7432.84,7665.53
2019-06-05 00:00:00,7673.41,7924.48,7570.9,7785.94
2019-06-06 00:00:00,7784.62,7878.62,7449.68,7806.07
2019-06-07 00:00:00,7801.97,8134.99,7758.93,8001.25
2019-06-08 00:00:00,8002.68,8061.12,7777.67,7932.27
2019-06-09 00:00:00,7933.17,7966.58,7511.41,7632.99
2019-06-10 00:00:00,7629.98,8090.0,7523.16,8021.1
2019-06-11 00:00:00,8017.99,8057.32,7713.34,7919.1
2019-06-12 00:00:00,7915.7,8266.0,7821.73,8176.27
2019-06-13 00:00:00,8171.12,8335.56,8049.22,8238.0
2019-06-14 00:00:00,8235.44,8737.37,8174.92,8697.54
2019-06-15 00:00:00,8694.74,8911.98,8623.52,8857.19
2019-06-16 00:00:00,8857.19,9391.85,8805.0,8974.19
2019-06-17 00:00:00,8973.02,9477.7,8973.02,9333.48
2019-06-18 00:00:00,9333.48,9361.87,8918.0,9078.84
2019-06-19 00:00:00,9076.51,9325.85,9036.19,9278.27
2019-06-20 00:00:00,9280.17,9600.0,9211.08,9534.99
2019-06-21 00:00:00,9534.99,10229.49,9534.97,10222.12
2019-06-22 00:00:00,10222.13,11200.0,10085.5,10661.3
2019-06-23 00:00:00,10665.66,11247.62,10483.33,10831.95
2019-06-24 00:00:00,10827.23,11099.0,10551.51,11029.63
2019-06-25 00:00:00,11030.0,11796.37,11000.02,11751.01
2019-06-26 00:00:00,11760.0,13880.0,11647.07,12920.54
2019-06-27 00:00:00,12927.44,13355.61,10300.0,11153.74
2019-06-28 00:00:00,11153.73,12447.46,10739.1,12354.43
2019-06-29 00:00:00,12354.45,12386.76,11317.03,11858.62
2019-06-30 00:00:00,11867.35,12200.06,10651.3,10760.1
2019-07-01 00:00:00,10759.24,11200.41,9950.0,10577.43
2019-07-02 00:00:00,10581.78,10942.63,9614.08,10828.9
2019-07-03 00:00:00,10830.1,12009.0,10830.1,11967.43
2019-07-04 00:00:00,11970.0,12061.04,11052.74,11146.34
2019-07-05 00:00:00,11144.82,11440.0,10769.15,10997.84
2019-07-06 00:00:00,10996.82,11735.0,10982.89,11240.0
2019-07-07 00:00:00,11233.21,11627.0,11083.76,11469.96
2019-07-08 00:00:00,11478.43,12398.0,11332.19,12286.14
2019-07-09 00:00:00,12299.94,12883.48,12030.43,12567.23
2019-07-10 00:00:00,12574.88,13200.0,11550.0,12098.95
2019-07-11 00:00:00,12101.44,12104.97,10966.81,11349.24
2019-07-12 00:00:00,11352.74,11942.39,11083.52,11808.91
2019-07-13 00:00:00,11811.08,11846.61,10810.0,11378.79
2019-07-14 00:00:00,11382.03,11467.3,10090.0,10191.87
2019-07-15 00:00:00,10191.87,11080.37,9855.0,10850.0
2019-07-16 00:00:00,10848.27,11042.11,9366.0,9412.81
2019-07-17 00:00:00,9427.45,9993.0,9049.54,9699.35
2019-07-18 00:00:00,9712.15,10797.0,9280.33,10648.6
2019-07-19 00:00:00,10638.44,10776.99,10102.58,10535.43
2019-07-20 00:00:00,10533.71,11120.0,10359.17,10750.11
2019-07-21 00:00:00,10757.15,10839.09,10325.0,10600.24
2019-07-22 00:00:00,10605.03,10686.89,10052.25,10328.83
2019-07-23 00:00:00,10315.87,10327.33,9801.88,9847.02
2019-07-24 00:00:00,9841.42,9911.5,9514.96,9763.67
2019-07-25 00:00:00,9781.52,10187.0,9734.19,9883.96
2019-07-26 00:00:00,9886.08,9897.46,9650.0,9846.94
2019-07-27 00:00:00,9846.94,10235.0,9299.0,9481.37
2019-07-28 00:00:00,9467.84,9634.5,9111.0,9533.19
2019-07-29 00:00:00,9538.73,9725.17,9360.0,9495.39
2019-07-30 00:00:00,9508.21,9775.0,9373.48,9593.62
2019-07-31 00:00:00,9592.26,10143.2,9574.09,10085.34
2019-08-01 00:00:00,10096.01,10499.0,9878.09,10407.71
2019-08-02 00:00:00,10416.79,10670.0,10318.47,10529.51
2019-08-03 00:00:00,10529.51,10919.0,10502.8,10821.52
2019-08-04 00:00:00,10812.58,11085.99,10564.96,10986.96
2019-08-05 00:00:00,10986.55,11959.36,10986.55,11800.0
2019-08-06 00:00:00,11800.0,12325.0,11200.0,11470.0
2019-08-07 00:00:00,11471.58,12145.42,11388.01,11971.57
2019-08-08 00:00:00,11973.46,12061.1,11450.93,11983.43
2019-08-09 00:00:00,11985.6,12040.0,11650.0,11859.32
2019-08-10 00:00:00,11859.32,11976.68,11200.0,11273.2
2019-08-11 00:00:00,11273.03,11589.73,11080.37,11528.73
2019-08-12 00:00:00,11527.44,11551.57,11194.04,11385.11
2019-08-13 00:00:00,11380.61,11446.94,10738.58,10862.28
2019-08-14 00:00:00,10862.25,10862.25,9888.57,10022.99
2019-08-15 00:00:00,10022.5,10444.66,9467.57,10301.44
2019-08-16 00:00:00,10294.9,10540.0,9736.96,10354.34
2019-08-17 00:00:00,10351.18,10472.93,9974.51,10210.89
2019-08-18 00:00:00,10221.94,10515.0,10065.41,10318.99
2019-08-19 00:00:00,10318.99,10940.0,10267.56,10927.3
2019-08-20 00:00:00,10927.3,10955.48,10549.74,10772.22
2019-08-21 00:00:00,10778.75,10807.54,9853.45,10134.75
2019-08-22 00:00:00,10123.56,10238.29,9755.53,10112.01
2019-08-23 00:00:00,10112.45,10479.0,10051.0,10401.6
2019-08-24 00:00:00,10401.87,10432.0,9885.48,10149.7
2019-08-25 00:00:00,10149.38,10355.89,9907.86,10136.75
2019-08-26 00:00:00,10136.75,10650.0,10136.75,10360.97
2019-08-27 00:00:00,10355.11,10375.53,10019.1,10167.29
2019-08-28 00:00:00,10171.39,10280.71,9555.0,9711.78
2019-08-29 00:00:00,9720.2,9720.2,9320.0,9490.0
2019-08-30 00:00:00,9490.56,9700.0,9350.1,9579.75
2019-08-31 00:00:00,9569.3,9682.73,9443.19,9594.15
2019-09-01 00:00:00,9593.5,9832.0,9538.75,9767.53
2019-09-02 00:00:00,9767.56,10471.0,9753.24,10384.48
2019-09-03 00:00:00,10384.07,10783.0,10286.0,10617.61
2019-09-04 00:00:00,10617.72,10834.15,10378.7,10586.26
2019-09-05 00:00:00,10586.26,10664.13,10461.97,10573.66
2019-09-06 00:00:00,10573.04,10949.0,10204.18,10311.09
2019-09-07 00:00:00,10309.04,10580.0,10297.58,10484.39
2019-09-08 00:00:00,10497.57,10594.88,10229.49,10400.18
2019-09-09 00:00:00,10387.33,10542.93,10060.0,10307.45
2019-09-10 00:00:00,10317.62,10390.09,9910.0,10096.0
2019-09-11 00:00:00,10093.39,10243.01,9855.11,10154.46
2019-09-12 00:00:00,10163.81,10465.0,10027.52,10420.34
2019-09-13 00:00:00,10423.99,10458.13,10153.87,10368.65
2019-09-14 00:00:00,10365.81,10441.47,10217.01,10355.37
2019-09-15 00:00:00,10362.52,10383.2,10258.49,10305.74
2019-09-16 00:00:00,10320.36,10378.07,10060.95,10269.98
2019-09-17 00:00:00,10257.2,10280.53,10130.59,10195.73
2019-09-18 00:00:00,10182.96,10263.65,10080.0,10152.09
2019-09-19 00:00:00,10161.59,10380.07,9600.0,10271.53
2019-09-20 00:00:00,10284.72,10308.04,10055.0,10169.02
2019-09-21 00:00:00,10169.02,10180.43,9913.35,9985.28
2019-09-22 00:00:00,9973.0,10093.24,9842.35,10020.58
2019-09-23 00:00:00,10022.38,10048.06,9606.0,9682.19
2019-09-24 00:00:00,9685.69,9782.0,7998.0,8536.82
2019-09-25 00:00:00,8536.71,8746.83,8216.0,8432.16
2019-09-26 00:00:00,8443.44,8467.89,7733.99,8055.03
2019-09-27 00:00:00,8055.25,8294.04,7866.0,8187.72
2019-09-28 00:00:00,8199.96,8356.4,8009.84,8218.07
2019-09-29 00:00:00,8218.07,8244.07,7902.66,8047.6
2019-09-30 00:00:00,8060.13,8368.5,7714.7,8298.45
2019-10-01 00:00:00,8304.47,8531.25,8195.42,8319.01
2019-10-02 00:00:00,8326.41,8393.39,8170.91,8373.42
2019-10-03 00:00:00,8377.68,8419.23,8029.14,8239.92
2019-10-04 00:00:00,8243.39,8244.93,7986.65,8152.07
2019-10-05 00:00:00,8157.89,8195.0,8016.26,8145.17
2019-10-06 00:00:00,8150.73,8176.46,7772.71,7854.12
2019-10-07 00:00:00,7863.75,8313.7,7763.54,8205.53
2019-10-08 00:00:00,8211.04,8344.12,8109.74,8178.54
2019-10-09 00:00:00,8185.85,8707.8,8110.0,8586.34
2019-10-10 00:00:00,8586.57,8666.84,8450.61,8582.11
2019-10-11 00:00:00,8589.08,8820.0,8222.88,8265.55
2019-10-12 00:00:00,8265.16,8427.76,8254.68,8303.43
2019-10-13 00:00:00,8303.43,8474.48,8132.91,8282.96
2019-10-14 00:00:00,8278.39,8416.67,8215.41,8362.99
2019-10-15 00:00:00,8353.33,8420.85,8086.0,8155.13
2019-10-16 00:00:00,8162.45,8179.1,7912.66,7995.89
2019-10-17 00:00:00,7995.73,8130.71,7936.71,8073.32
2019-10-18 00:00:00,8069.26,8120.77,7811.62,7955.08
2019-10-19 00:00:00,7950.48,8096.76,7875.0,7960.49
2019-10-20 00:00:00,7965.39,8314.77,7874.68,8235.74
2019-10-21 00:00:00,8236.49,8352.0,8156.0,8213.65
2019-10-22 00:00:00,8206.53,8314.77,7989.15,8025.9
2019-10-23 00:00:00,8021.57,8052.04,7293.55,7470.77
2019-10-24 00:00:00,7470.77,7512.0,7356.0,7435.0
2019-10-25 00:00:00,7427.0,8784.29,7393.14,8662.66
2019-10-26 00:00:00,8677.09,10350.0,8642.46,9252.75
2019-10-27 00:00:00,9262.72,9819.92,9092.66,9557.08
2019-10-28 00:00:00,9547.32,9950.0,9177.84,9216.44
2019-10-29 00:00:00,9216.39,9573.35,9051.48,9426.94
2019-10-30 00:00:00,9426.94,9437.06,8985.25,9159.94
2019-10-31 00:00:00,9169.55,9438.61,8961.53,9150.07
2019-11-01 00:00:00,9158.08,9303.53,9054.6,9250.45
2019-11-02 00:00:00,9250.7,9396.91,9201.19,9304.75
2019-11-03 00:00:00,9304.75,9384.32,9067.0,9207.0
2019-11-04 00:00:00,9207.0,9586.5,9122.33,9410.76
2019-11-05 00:00:00,9410.76,9485.0,9165.2,9320.14
2019-11-06 00:00:00,9319.1,9448.19,9254.68,9344.78
2019-11-07 00:00:00,9346.02,9373.48,9080.0,9199.36
2019-11-08 00:00:00,9209.3,9253.39,8661.0,8767.37
2019-11-09 00:00:00,8760.38,8876.94,8720.0,8812.21
2019-11-10 00:00:00,8806.85,9142.33,8750.85,9024.49
2019-11-11 00:00:00,9029.88,9075.32,8593.0,8720.36
2019-11-12 00:00:00,8720.36,8872.47,8549.0,8813.91
2019-11-13 00:00:00,8817.0,8839.46,8700.0,8755.24
2019-11-14 00:00:00,8765.53,8791.78,8555.0,8636.9
2019-11-15 00:00:00,8632.07,8799.03,8363.0,8463.49
2019-11-16 00:00:00,8459.38,8539.53,8423.0,8484.63
2019-11-17 00:00:00,8485.61,8631.6,8375.0,8499.31
2019-11-18 00:00:00,8499.53,8508.4,8010.7,8170.65
2019-11-19 00:00:00,8176.9,8197.77,7989.15,8121.63
2019-11-20 00:00:00,8124.08,8231.04,8027.28,8088.44
2019-11-21 00:00:00,8085.54,8116.92,7394.09,7611.51
2019-11-22 00:00:00,7612.23,7714.7,6785.0,7285.85
2019-11-23 00:00:00,7276.21,7356.49,7102.16,7320.39
2019-11-24 00:00:00,7330.98,7349.68,6861.96,6908.36
2019-11-25 00:00:00,6900.9,7380.0,6515.0,7122.14
2019-11-26 00:00:00,7127.12,7344.91,7018.78,7159.22
2019-11-27 00:00:00,7168.74,7676.27,6847.72,7527.84
2019-11-28 00:00:00,7517.82,7659.92,7372.19,7436.72
2019-11-29 00:00:00,7429.32,7870.35,7411.17,7753.69
2019-11-30 00:00:00,7753.69,7815.0,7452.08,7550.67
2019-12-01 00:00:00,7560.2,7560.2,7233.87,7412.66
2019-12-02 00:00:00,7411.75,7431.07,7140.08,7309.64
2019-12-03 00:00:00,7317.94,7415.0,7238.04,7300.43
2019-12-04 00:00:00,7299.2,7772.71,7087.09,7197.78
2019-12-05 00:00:00,7199.58,7500.0,7150.06,7390.42
2019-12-06 00:00:00,7397.35,7618.99,7305.56,7541.79
2019-12-07 00:00:00,7535.46,7638.88,7486.7,7502.65
2019-12-08 00:00:00,7505.86,7580.0,7382.69,7524.26
2019-12-09 00:00:00,7516.8,7666.0,7268.03,7340.52
2019-12-10 00:00:00,7332.05,7400.0,7150.23,7216.07
2019-12-11 00:00:00,7224.5,7271.0,7122.28,7207.42
2019-12-12 00:00:00,7208.95,7296.19,7072.2,7188.42
2019-12-13 00:00:00,7185.15,7302.35,7179.65,7257.47
2019-12-14 00:00:00,7255.94,7269.0,7007.48,7059.03
2019-12-15 00:00:00,7066.35,7225.23,7007.0,7115.08
2019-12-16 00:00:00,7115.08,7147.91,6820.0,6882.19
2019-12-17 00:00:00,6882.08,6938.77,6550.0,6612.3
2019-12-18 00:00:00,6619.53,7449.68,6425.0,7286.91
2019-12-19 00:00:00,7286.91,7372.12,7000.0,7149.57
2019-12-20 00:00:00,7157.53,7218.11,7072.61,7194.11
2019-12-21 00:00:00,7194.13,7194.13,7109.73,7147.4
2019-12-22 00:00:00,7147.4,7530.0,7124.52,7509.7
2019-12-23 00:00:00,7521.88,7692.98,7247.86,7316.17
2019-12-24 00:00:00,7317.47,7431.1,7156.0,7251.52
2019-12-25 00:00:00,7247.45,7266.81,7110.73,7195.79
2019-12-26 00:00:00,7195.8,7432.0,7150.0,7188.3
2019-12-27 00:00:00,7195.17,7255.37,7052.0,7246.0
2019-12-28 00:00:00,7247.7,7349.65,7231.0,7296.24
2019-12-29 00:00:00,7297.43,7524.46,7274.43,7385.54
2019-12-30 00:00:00,7372.79,7384.9,7199.0,7220.24
2019-12-31 00:00:00,7222.74,7302.35,7112.55,7168.36
2020-01-01 00:00:00,7160.69,7237.35,7150.0,7178.68
2020-01-02 00:00:00,7174.7,7184.94,6900.0,6950.56
2020-01-03 00:00:00,6945.7,7402.31,6853.53,7338.91
2020-01-04 00:00:00,7332.58,7396.1,7256.03,7344.48
2020-01-05 00:00:00,7356.05,7495.0,7310.0,7356.7
2020-01-06 00:00:00,7352.12,7817.0,7342.46,7762.74
2020-01-07 00:00:00,7768.17,8220.0,7697.03,8159.01
2020-01-08 00:00:00,8151.79,8463.57,7872.09,8044.44
2020-01-09 00:00:00,8048.94,8048.94,7737.97,7806.78
2020-01-10 00:00:00,7812.7,8200.0,7667.0,8200.0
2020-01-11 00:00:00,8200.0,8286.0,8000.0,8016.22
2020-01-12 00:00:00,8008.1,8190.0,7960.0,8180.76
2020-01-13 00:00:00,8180.75,8196.81,8039.0,8105.01
2020-01-14 00:00:00,8105.01,8895.0,8105.01,8813.04
2020-01-15 00:00:00,8813.2,8903.2,8555.0,8809.17
2020-01-16 00:00:00,8810.62,8852.35,8573.91,8710.15
2020-01-17 00:00:00,8715.39,9015.22,8661.52,8892.63
2020-01-18 00:00:00,8898.03,9000.1,8798.9,8908.53
2020-01-19 00:00:00,8901.02,9188.1,8461.38,8696.6
2020-01-20 00:00:00,8698.97,8740.54,8507.93,8625.17
2020-01-21 00:00:00,8629.66,8778.66,8480.0,8717.89
2020-01-22 00:00:00,8728.47,8792.98,8567.68,8655.93
2020-01-23 00:00:00,8661.63,8665.95,8280.0,8378.44
2020-01-24 00:00:00,8382.08,8530.7,8212.9,8422.13
2020-01-25 00:00:00,8435.83,8437.47,8252.72,8329.5
2020-01-26 00:00:00,8320.0,8600.0,8276.22,8590.48
2020-01-27 00:00:00,8600.0,9004.35,8546.55,8894.54
2020-01-28 00:00:00,8894.57,9413.24,8876.0,9400.0
2020-01-29 00:00:00,9386.57,9443.96,9215.5,9289.18
2020-01-30 00:00:00,9280.83,9570.0,9166.07,9500.0
2020-01-31 00:00:00,9510.84,9529.35,9195.93,9327.85
2020-02-01 00:00:00,9339.26,9464.16,9280.33,9377.17
2020-02-02 00:00:00,9379.6,9474.28,9135.0,9329.39
2020-02-03 00:00:00,9309.69,9615.0,9211.07,9288.09
2020-02-04 00:00:00,9281.0,9348.6,9075.0,9159.37
2020-02-05 00:00:00,9168.49,9775.0,9142.52,9618.42
2020-02-06 00:00:00,9617.84,9859.57,9521.0,9754.63
2020-02-07 00:00:00,9754.63,9878.0,9706.94,9803.42
2020-02-08 00:00:00,9803.71,9948.97,9658.58,9902.0
2020-02-09 00:00:00,9907.7,10178.54,9885.04,10173.97
2020-02-10 00:00:00,10173.51,10199.85,9731.2,9850.01
2020-02-11 00:00:00,9851.99,10383.9,9706.94,10268.98
2020-02-12 00:00:00,10270.98,10495.0,10247.35,10348.78
2020-02-13 00:00:00,10348.78,10500.5,10068.0,10228.67
2020-02-14 00:00:00,10229.19,10398.0,10093.26,10364.04
2020-02-15 00:00:00,10364.04,10408.04,9739.0,9899.78
2020-02-16 00:00:00,9909.71,10051.24,9598.49,9912.89
2020-02-17 00:00:00,9925.96,9973.45,9467.57,9697.15
2020-02-18 00:00:00,9725.57,10288.0,9602.6,10185.17
2020-02-19 00:00:00,10190.3,10300.0,9312.0,9595.72
2020-02-20 00:00:00,9589.1,9706.27,9396.91,9612.76
2020-02-21 00:00:00,9610.4,9773.2,9562.6,9696.13
2020-02-22 00:00:00,9696.13,9722.39,9568.51,9668.13
2020-02-23 00:00:00,9664.08,10024.08,9664.08,9965.21
2020-02-24 00:00:00,9969.79,10027.66,9480.0,9652.58
2020-02-25 00:00:00,9664.87,9682.73,9234.21,9305.4
2020-02-26 00:00:00,9305.4,9369.99,8627.78,8779.36
2020-02-27 00:00:00,8778.37,8974.75,8520.0,8816.5
2020-02-28 00:00:00,8816.5,8900.94,8421.49,8703.84
2020-02-29 00:00:00,8710.0,8805.06,8525.0,8527.74
2020-03-01 00:00:00,8525.0,8756.11,8410.0,8528.95
2020-03-02 00:00:00,8516.0,8980.34,8486.72,8917.34
2020-03-03 00:00:00,8917.34,8921.8,8660.04,8755.45
2020-03-04 00:00:00,8755.45,8850.0,8663.76,8753.28
2020-03-05 00:00:00,8757.79,9169.0,8757.79,9066.65
2020-03-06 00:00:00,9059.0,9187.85,8990.01,9153.79
2020-03-07 00:00:00,9154.1,9219.13,8859.49,8893.93
2020-03-08 00:00:00,8901.12,8901.12,7995.48,8033.7
2020-03-09 00:00:00,8035.79,8191.13,7636.0,7936.25
2020-03-10 00:00:00,7937.2,8158.42,7733.99,7885.92
2020-03-11 00:00:00,7893.63,7988.78,7591.99,7934.57
2020-03-12 00:00:00,7956.29,7969.9,4776.59,4841.67
2020-03-13 00:00:00,4841.67,5990.35,3850.0,5622.74
2020-03-14 00:00:00,5623.16,5663.01,5051.0,5169.37
2020-03-15 00:00:00,5167.38,5965.77,5092.34,5343.64
2020-03-16 00:00:00,5353.04,5353.04,4435.89,5033.42
2020-03-17 00:00:00,5051.41,5569.9,4936.0,5324.99
2020-03-18 00:00:00,5340.95,5452.43,5006.87,5406.92
2020-03-19 00:00:00,5413.0,6433.98,5266.38,6181.18
2020-03-20 00:00:00,6192.94,7139.0,5670.0,6210.14
2020-03-21 00:00:00,6207.66,6461.91,5866.44,6187.78
2020-03-22 00:00:00,6199.17,6419.0,5705.0,5813.15
2020-03-23 00:00:00,5816.57,6629.79,5686.34,6493.51
2020-03-24 00:00:00,6494.7,6893.0,6400.01,6768.64
2020-03-25 00:00:00,6768.64,6989.04,6457.17,6692.22
2020-03-26 00:00:00,6695.47,6798.89,6528.07,6760.72
2020-03-27 00:00:00,6765.15,6872.67,6210.0,6376.03
2020-03-28 00:00:00,6376.03,6376.03,6030.51,6253.08
2020-03-29 00:00:00,6275.11,6278.24,5869.0,5870.9
2020-03-30 00:00:00,5878.47,6630.0,5856.0,6407.77
2020-03-31 00:00:00,6408.95,6527.24,6337.42,6421.14
2020-04-01 00:00:00,6428.74,6710.21,6137.71,6652.07
2020-04-02 00:00:00,6669.95,7236.39,6575.13,6801.99
2020-04-03 00:00:00,6789.63,7047.96,6610.0,6742.57
2020-04-04 00:00:00,6737.36,7014.0,6655.54,6879.61
2020-04-05 00:00:00,6887.22,6914.01,6678.51,6775.2
2020-04-06 00:00:00,6780.57,7376.59,6773.75,7352.43
2020-04-07 00:00:00,7335.85,7469.0,7077.0,7202.73
2020-04-08 00:00:00,7204.78,7428.95,7152.0,7367.36
2020-04-09 00:00:00,7370.85,7376.59,7107.38,7293.93
2020-04-10 00:00:00,7299.12,7306.1,6750.15,6877.03
2020-04-11 00:00:00,6866.03,6955.59,6771.24,6883.18
2020-04-12 00:00:00,6882.75,7201.76,6790.74,6908.24
2020-04-13 00:00:00,6908.21,6914.01,6542.91,6864.22
2020-04-14 00:00:00,6864.66,6991.0,6766.96,6879.75
2020-04-15 00:00:00,6868.88,6940.0,6598.55,6619.0
2020-04-16 00:00:00,6619.0,7224.18,6472.67,7111.67
2020-04-17 00:00:00,7121.35,7158.22,6995.39,7024.19
2020-04-18 00:00:00,7020.13,7306.15,7020.13,7262.26
2020-04-19 00:00:00,7265.94,7276.21,7057.46,7126.4
2020-04-20 00:00:00,7124.27,7220.0,6757.75,6841.0
2020-04-21 00:00:00,6833.0,6950.98,6774.48,6854.98
2020-04-22 00:00:00,6850.6,7171.26,6819.59,7137.79
2020-04-23 00:00:00,7138.29,7756.69,7031.07,7484.58
2020-04-24 00:00:00,7494.2,7612.91,7391.57,7505.53
2020-04-25 00:00:00,7518.81,7723.77,7432.8,7547.56
2020-04-26 00:00:00,7565.0,7718.0,7485.0,7701.73
2020-04-27 00:00:00,7708.87,7813.68,7637.03,7786.41
2020-04-28 00:00:00,7794.22,7798.42,7650.0,7767.79
2020-04-29 00:00:00,7762.07,8970.0,7717.14,8790.32
2020-04-30 00:00:00,8789.79,9485.26,8407.0,8627.32
2020-05-01 00:00:00,8629.72,9075.0,8616.17,8832.44
2020-05-02 00:00:00,8836.0,9022.0,8760.0,8983.79
2020-05-03 00:00:00,8982.56,9207.82,8723.78,8915.98
2020-05-04 00:00:00,8924.14,8974.34,8528.42,8882.87
2020-05-05 00:00:00,8889.24,9120.0,8760.1,9034.85
2020-05-06 00:00:00,9040.0,9417.95,8921.03,9154.32
2020-05-07 00:00:00,9163.63,10074.0,9030.03,10000.0
2020-05-08 00:00:00,10008.19,10048.38,9725.0,9801.35
2020-05-09 00:00:00,9809.04,9914.0,9515.4,9546.56
2020-05-10 00:00:00,9527.31,9565.2,8109.0,8731.17
2020-05-11 00:00:00,8740.88,9182.97,8181.0,8571.98
2020-05-12 00:00:00,8574.19,8984.87,8534.97,8825.46
2020-05-13 00:00:00,8816.99,9418.46,8804.47,9315.5
2020-05-14 00:00:00,9323.73,9945.34,9254.85,9793.5
2020-05-15 00:00:00,9809.91,9844.66,9112.0,9306.21
2020-05-16 00:00:00,9307.43,9590.0,9216.08,9389.07
2020-05-17 00:00:00,9377.79,9894.88,9326.53,9665.7
2020-05-18 00:00:00,9672.95,9966.12,9451.2,9721.91
2020-05-19 00:00:00,9730.0,9903.89,9455.05,9787.65
2020-05-20 00:00:00,9776.3,9843.87,9100.0,9516.51
2020-05-21 00:00:00,9505.61,9573.29,8800.0,9062.47
2020-05-22 00:00:00,9062.25,9272.97,8924.91,9171.96
2020-05-23 00:00:00,9171.96,9316.12,9084.83,9183.46
2020-05-24 00:00:00,9183.93,9310.91,8669.0,8718.77
2020-05-25 00:00:00,8710.12,8984.16,8630.0,8903.56
2020-05-26 00:00:00,8903.22,9012.0,8690.0,8840.91
2020-05-27 00:00:00,8835.79,9230.21,8810.99,9210.0
2020-05-28 00:00:00,9209.99,9625.01,9105.79,9577.38
2020-05-29 00:00:00,9581.49,9610.0,9330.0,9421.04
2020-05-30 00:00:00,9428.52,9758.27,9326.28,9705.1
2020-05-31 00:00:00,9705.1,9711.7,9373.96,9446.19
2020-06-01 00:00:00,9444.61,10429.26,9416.5,10203.64
2020-06-02 00:00:00,10203.64,10241.26,9135.68,9525.73
2020-06-03 00:00:00,9522.52,9699.95,9380.99,9668.99
2020-06-04 00:00:00,9668.0,9888.0,9430.0,9791.92
2020-06-05 00:00:00,9791.0,9856.48,9592.74,9619.99
2020-06-06 00:00:00,9616.17,9744.39,9525.76,9669.85
2020-06-07 00:00:00,9673.08,9829.31,9356.0,9750.04
2020-06-08 00:00:00,9759.04,9813.67,9645.0,9783.0
2020-06-09 00:00:00,9786.64,9897.46,9566.81,9776.84
2020-06-10 00:00:00,9782.3,10011.4,9578.0,9894.32
2020-06-11 00:00:00,9894.32,9981.24,9078.91,9264.26
2020-06-12 00:00:00,9265.95,9555.0,9230.0,9463.07
2020-06-13 00:00:00,9465.92,9500.0,9345.71,9473.46
2020-06-14 00:00:00,9478.93,9479.59,9235.01,9329.99
2020-06-15 00:00:00,9329.99,9505.4,8900.0,9435.15
2020-06-16 00:00:00,9435.41,9596.31,9374.9,9530.3
2020-06-17 00:00:00,9530.62,9566.53,9230.32,9461.29
2020-06-18 00:00:00,9459.82,9478.69,9250.0,9374.78
2020-06-19 00:00:00,9374.83,9429.99,9225.15,9304.32
2020-06-20 00:00:00,9287.6,9400.0,9138.0,9355.46
2020-06-21 00:00:00,9355.93,9421.26,9271.52,9283.03
2020-06-22 00:00:00,9287.89,9798.76,9267.2,9683.12
2020-06-23 00:00:00,9688.26,9725.3,9571.0,9622.81
2020-06-24 00:00:00,9617.88,9666.35,9193.99,9286.06
2020-06-25 00:00:00,9286.3,9343.49,8989.0,9239.48
2020-06-26 00:00:00,9237.98,9289.71,9024.61,9158.26
2020-06-27 00:00:00,9158.13,9189.0,8830.63,9009.3
2020-06-28 00:00:00,9008.33,9191.72,8933.06,9118.01
2020-06-29 00:00:00,9118.8,9240.36,9014.92,9188.88
2020-06-30 00:00:00,9187.85,9201.95,9060.0,9132.96
2020-07-01 00:00:00,9136.89,9300.0,9089.8,9233.38
2020-07-02 00:00:00,9230.97,9268.54,8939.0,9092.92
2020-07-03 00:00:00,9091.68,9127.11,9027.17,9063.08
2020-07-04 00:00:00,9053.87,9196.0,9045.94,9138.52
2020-07-05 00:00:00,9142.16,9147.37,8905.0,9076.82
2020-07-06 00:00:00,9077.18,9376.34,9060.5,9348.22
2020-07-07 00:00:00,9346.9,9385.81,9201.78,9257.16
2020-07-08 00:00:00,9257.21,9479.57,9228.91,9437.16
2020-07-09 00:00:00,9441.76,9448.5,9157.11,9234.9
2020-07-10 00:00:00,9234.91,9318.92,9053.14,9283.53
2020-07-11 00:00:00,9291.0,9304.95,9180.0,9238.3
2020-07-12 00:00:00,9234.07,9347.76,9153.48,9306.17
2020-07-13 00:00:00,9304.94,9351.17,9190.49,9233.1
2020-07-14 00:00:00,9234.19,9282.08,9095.0,9251.59
2020-07-15 00:00:00,9256.33,9276.98,9153.38,9190.07
2020-07-16 00:00:00,9191.0,9217.5,9026.51,9132.87
2020-07-17 00:00:00,9134.44,9184.28,9073.53,9156.5
2020-07-18 00:00:00,9150.51,9214.63,9122.72,9177.43
2020-07-19 00:00:00,9175.7,9243.36,9106.3,9211.99
2020-07-20 00:00:00,9213.15,9224.73,9128.21,9162.43
2020-07-21 00:00:00,9161.77,9442.89,9152.23,9391.25
2020-07-22 00:00:00,9395.98,9573.0,9280.8,9539.51
2020-07-23 00:00:00,9537.23,9690.0,9453.38,9617.2
2020-07-24 00:00:00,9614.85,9650.55,9474.35,9547.91
2020-07-25 00:00:00,9549.34,9751.82,9532.79,9710.98
2020-07-26 00:00:00,9712.45,10200.0,9657.0,9944.65
2020-07-27 00:00:00,9941.25,11417.11,9933.77,11046.19
2020-07-28 00:00:00,11049.4,11263.85,10583.48,10939.27
2020-07-29 00:00:00,10931.91,11358.47,10855.81,11111.17
2020-07-30 00:00:00,11105.01,11189.0,10832.0,11112.12
2020-07-31 00:00:00,11110.84,11457.95,10973.8,11356.74
2020-08-01 00:00:00,11357.98,11883.36,11228.0,11817.49
2020-08-02 00:00:00,11808.21,12100.0,10559.59,11071.66
2020-08-03 00:00:00,11074.92,11480.0,10933.26,11236.39
2020-08-04 00:00:00,11236.39,11420.0,11000.79,11192.42
2020-08-05 00:00:00,11193.48,11795.86,11094.35,11755.24
2020-08-06 00:00:00,11759.9,11913.5,11575.57,11770.08
2020-08-07 00:00:00,11770.26,11920.0,11219.0,11600.85
2020-08-08 00:00:00,11601.75,11817.95,11527.0,11776.9
2020-08-09 00:00:00,11767.93,11808.28,11527.92,11683.03
2020-08-10 00:00:00,11684.6,12080.0,11510.0,11895.12
2020-08-11 00:00:00,11896.37,11945.05,11130.0,11392.64
2020-08-12 00:00:00,11386.5,11625.0,11150.0,11565.35
2020-08-13 00:00:00,11567.74,11806.61,11270.91,11793.26
2020-08-14 00:00:00,11797.55,11862.0,11652.01,11779.77
2020-08-15 00:00:00,11771.97,11986.93,11667.7,11852.2
2020-08-16 00:00:00,11858.6,11938.55,11685.97,11914.02
2020-08-17 00:00:00,11916.83,12473.0,11771.44,12298.38
2020-08-18 00:00:00,12301.27,12408.53,11823.0,11958.1
2020-08-19 00:00:00,11950.0,12022.18,11574.4,11757.55
2020-08-20 00:00:00,11762.18,11894.12,11675.29,11859.37
2020-08-21 00:00:00,11857.18,11887.67,11485.49,11531.74
2020-08-22 00:00:00,11527.81,11694.02,11367.0,11667.7
2020-08-23 00:00:00,11678.17,11715.09,11524.7,11644.65
2020-08-24 00:00:00,11653.7,11832.55,11588.61,11761.8
2020-08-25 00:00:00,11750.4,11772.22,11112.75,11328.88
2020-08-26 00:00:00,11328.5,11549.8,11250.14,11469.3
2020-08-27 00:00:00,11462.91,11602.92,11122.72,11330.0
2020-08-28 00:00:00,11332.26,11555.61,11277.95,11536.58
2020-08-29 00:00:00,11538.74,11592.0,11423.64,11471.71
2020-08-30 00:00:00,11471.71,11715.69,11458.62,11708.97
2020-08-31 00:00:00,11713.11,11780.0,11573.39,11655.0
2020-09-01 00:00:00,11658.48,12065.82,11515.0,11923.96
2020-09-02 00:00:00,11919.53,11956.45,11155.32,11398.44
2020-09-03 00:00:00,11395.1,11477.35,9987.86,10160.0
2020-09-04 00:00:00,10160.0,10646.75,9902.43,10456.32
2020-09-05 00:00:00,10460.2,10567.9,9850.0,10167.19
2020-09-06 00:00:00,10165.47,10353.39,10000.0,10260.17
2020-09-07 00:00:00,10258.43,10415.66,9880.0,10377.14
2020-09-08 00:00:00,10377.5,10446.18,9825.07,10123.96
2020-09-09 00:00:00,10126.01,10353.39,9981.38,10232.8
2020-09-10 00:00:00,10221.76,10495.75,10220.0,10342.59
2020-09-11 00:00:00,10341.38,10409.44,10200.5,10393.04
2020-09-12 00:00:00,10400.46,10482.42,10275.0,10443.33
2020-09-13 00:00:00,10446.4,10576.78,10214.9,10334.78
2020-09-14 00:00:00,10338.82,10765.03,10250.13,10675.15
2020-09-15 00:00:00,10671.4,10940.01,10611.17,10783.83
2020-09-16 00:00:00,10785.0,11100.0,10662.81,10951.54
2020-09-17 00:00:00,10950.15,11054.0,10739.23,10940.47
2020-09-18 00:00:00,10947.35,11040.18,10816.54,10931.2
2020-09-19 00:00:00,10935.49,11183.01,10890.53,11077.22
2020-09-20 00:00:00,11070.84,11079.25,10755.9,10923.5
2020-09-21 00:00:00,10921.53,10996.98,10286.56,10411.29
2020-09-22 00:00:00,10418.83,10573.05,10353.39,10534.31
2020-09-23 00:00:00,10525.72,10541.39,10138.3,10233.42
2020-09-24 00:00:00,10236.86,10795.53,10193.2,10744.02
2020-09-25 00:00:00,10738.46,10762.65,10553.14,10689.81
2020-09-26 00:00:00,10694.23,10830.0,10655.29,10729.09
2020-09-27 00:00:00,10731.09,10807.14,10593.58,10780.66
2020-09-28 00:00:00,10779.99,10950.0,10628.52,10689.48
2020-09-29 00:00:00,10681.41,10865.0,10636.66,10836.42
2020-09-30 00:00:00,10840.0,10847.5,10658.56,10778.22
2020-10-01 00:00:00,10780.83,10940.22,10437.08,10622.71
2020-10-02 00:00:00,10611.17,10667.53,10380.0,10578.54
2020-10-03 00:00:00,10571.6,10605.79,10500.0,10553.66
2020-10-04 00:00:00,10543.17,10699.88,10524.81,10669.63
2020-10-05 00:00:00,10666.16,10805.82,10620.71,10795.0
2020-10-06 00:00:00,10797.36,10801.86,10525.0,10606.33
2020-10-07 00:00:00,10602.31,10682.56,10547.71,10669.14
2020-10-08 00:00:00,10669.1,10957.0,10535.06,10925.2
2020-10-09 00:00:00,10927.02,11118.49,10826.4,11052.0
2020-10-10 00:00:00,11060.46,11496.06,11059.62,11301.2
2020-10-11 00:00:00,11300.97,11447.44,11272.11,11372.93
2020-10-12 00:00:00,11372.48,11731.7,11175.99,11535.98
2020-10-13 00:00:00,11539.42,11567.4,11314.53,11427.98
2020-10-14 00:00:00,11440.28,11555.1,11287.42,11428.84
2020-10-15 00:00:00,11430.49,11623.6,11250.01,11511.11
2020-10-16 00:00:00,11506.53,11548.65,11200.0,11321.86
2020-10-17 00:00:00,11331.88,11415.48,11264.01,11365.8
2020-10-18 00:00:00,11363.4,11526.34,11352.79,11519.97
2020-10-19 00:00:00,11518.58,11840.0,11409.94,11764.14
2020-10-20 00:00:00,11759.2,12059.94,11680.0,11921.11
2020-10-21 00:00:00,11921.33,13235.0,11899.1,12802.67
2020-10-22 00:00:00,12802.63,13208.25,12686.73,12983.26
2020-10-23 00:00:00,12983.26,13037.26,12729.82,12941.59
2020-10-24 00:00:00,12940.03,13182.83,12887.38,13122.73
2020-10-25 00:00:00,13115.18,13363.53,12903.74,13039.09
2020-10-26 00:00:00,13041.12,13250.0,12773.5,13066.73
2020-10-27 00:00:00,13065.1,13788.0,13057.09,13647.9
2020-10-28 00:00:00,13642.31,13864.89,12892.0,13274.73
2020-10-29 00:00:00,13275.82,13650.0,12993.0,13468.44
2020-10-30 00:00:00,13456.14,13675.56,13129.26,13562.13
2020-10-31 00:00:00,13569.42,14100.0,13420.97,13816.08
2020-11-01 00:00:00,13799.44,13907.47,13629.31,13762.0
2020-11-02 00:00:00,13762.0,13842.5,13220.0,13563.72
2020-11-03 00:00:00,13578.82,14083.76,13287.7,14041.58
2020-11-04 00:00:00,14041.58,14277.5,13520.87,14160.59
2020-11-05 00:00:00,14168.49,15770.58,14100.0,15605.04
2020-11-06 00:00:00,15608.32,15968.98,15196.01,15598.09
2020-11-07 00:00:00,15603.28,15778.6,14351.0,14838.97
2020-11-08 00:00:00,14829.32,15664.9,14727.19,15489.15
2020-11-09 00:00:00,15484.68,15854.48,14824.66,15332.04
2020-11-10 00:00:00,15349.32,15482.76,15092.47,15313.65
2020-11-11 00:00:00,15314.94,15991.01,15290.85,15707.89
2020-11-12 00:00:00,15702.0,16369.99,15481.0,16300.0
2020-11-13 00:00:00,16300.0,16494.52,15970.33,16335.58
2020-11-14 00:00:00,16339.06,16341.89,15715.1,16086.34
2020-11-15 00:00:00,16092.8,16170.0,15786.46,15975.49
2020-11-16 00:00:00,15975.49,16894.93,15875.5,16724.62
2020-11-17 00:00:00,16727.85,17868.0,16570.0,17680.63
2020-11-18 00:00:00,17681.77,18483.0,17041.47,17785.95
2020-11-19 00:00:00,17792.96,18189.97,17346.62,17825.47
2020-11-20 00:00:00,17822.37,18824.88,17755.81,18687.65
2020-11-21 00:00:00,18685.08,18977.0,18333.45,18725.0
2020-11-22 00:00:00,18726.43,18770.55,17600.0,18435.2
2020-11-23 00:00:00,18432.6,18786.31,18001.95,18383.35
2020-11-24 00:00:00,18386.92,19442.13,18068.56,19160.85
2020-11-25 00:00:00,19175.13,19490.0,18470.91,18732.43
2020-11-26 00:00:00,18727.24,18911.04,16218.0,17160.09
2020-11-27 00:00:00,17168.31,17471.89,16435.47,17154.39
2020-11-28 00:00:00,17160.38,17896.03,16875.01,17741.79
2020-11-29 00:00:00,17724.41,18352.47,17534.87,18192.03
2020-11-30 00:00:00,18196.75,19864.15,18196.75,19700.19
2020-12-01 00:00:00,19703.53,19918.01,18100.0,18771.43
2020-12-02 00:00:00,18773.21,19346.9,18334.0,19226.55
2020-12-03 00:00:00,19220.09,19621.0,18881.62,19448.4
2020-12-04 00:00:00,19439.94,19552.5,18573.89,18673.76
2020-12-05 00:00:00,18650.08,19185.17,18500.0,19162.16
2020-12-06 00:00:00,19162.17,19418.39,18870.62,19380.58
2020-12-07 00:00:00,19385.13,19431.0,18905.0,19173.5
2020-12-08 00:00:00,19183.13,19300.55,18163.52,18316.43
2020-12-09 00:00:00,18311.31,18654.92,17640.33,18556.64
2020-12-10 00:00:00,18546.38,18562.13,17908.0,18250.3
2020-12-11 00:00:00,18250.3,18290.43,17569.58,18040.02
2020-12-12 00:00:00,18031.23,18956.46,18022.55,18815.63
2020-12-13 00:00:00,18806.83,19416.64,18628.1,19162.36
2020-12-14 00:00:00,19151.82,19346.9,18979.21,19274.33
2020-12-15 00:00:00,19274.33,19567.84,19050.0,19434.87
2020-12-16 00:00:00,19434.55,21576.76,19277.66,21365.7
2020-12-17 00:00:00,21358.96,23777.0,21244.04,22814.24
2020-12-18 00:00:00,22829.89,23284.68,22360.93,23136.14
2020-12-19 00:00:00,23142.05,24217.38,22719.78,23842.99
2020-12-20 00:00:00,23842.38,24298.04,23092.77,23470.85
2020-12-21 00:00:00,23470.85,24123.83,21864.86,22732.01
2020-12-22 00:00:00,22750.07,23843.21,22383.59,23835.1
2020-12-23 00:00:00,23819.08,24096.9,22624.92,23247.71
2020-12-24 00:00:00,23215.0,23779.14,22700.1,23726.28
2020-12-25 00:00:00,23747.22,24777.0,23403.82,24705.15
2020-12-26 00:00:00,24714.01,26809.5,24485.32,26466.28
2020-12-27 00:00:00,26472.89,28377.94,25770.0,26259.6
2020-12-28 00:00:00,26242.82,27473.49,26079.6,27037.91
2020-12-29 00:00:00,27037.9,27395.0,25831.85,27370.0
2020-12-30 00:00:00,27370.0,29010.32,27328.37,28881.3
2020-12-31 00:00:00,28893.21,29300.0,27930.75,28992.79
2021-01-01 00:00:00,28999.63,29700.0,28720.0,29402.64
2021-01-02 00:00:00,29410.77,33333.0,29050.0,32216.53
2021-01-03 00:00:00,32216.51,34800.0,31977.45,33097.83
2021-01-04 00:00:00,33068.83,33669.76,27734.0,32005.88
2021-01-05 00:00:00,32054.23,34500.0,29936.26,34039.05
2021-01-06 00:00:00,34081.24,37050.83,33348.27,36849.94
2021-01-07 00:00:00,36875.96,40402.46,36327.5,39510.49
2021-01-08 00:00:00,39510.59,42000.0,36618.36,40667.07
2021-01-09 00:00:00,40682.76,41422.77,38788.16,40239.06
2021-01-10 00:00:00,40239.06,41450.0,34322.07,38173.73
2021-01-11 00:00:00,38164.88,38261.39,30261.13,35455.58
2021-01-12 00:00:00,35449.71,36639.23,32479.91,34035.02
2021-01-13 00:00:00,34035.02,37800.0,32327.76,37393.49
2021-01-14 00:00:00,37393.49,40112.78,36717.23,39134.35
2021-01-15 00:00:00,39147.98,39694.0,34380.0,36756.57
2021-01-16 00:00:00,36778.66,37944.12,35350.0,36000.0
2021-01-17 00:00:00,36013.51,36839.0,33833.55,35819.25
2021-01-18 00:00:00,35826.36,37449.86,34777.85,36616.95
2021-01-19 00:00:00,36665.82,37874.71,35888.0,35917.62
2021-01-20 00:00:00,35888.13,36440.1,33400.0,35496.91
2021-01-21 00:00:00,35516.17,35620.96,30044.16,30818.18
2021-01-22 00:00:00,30817.86,33864.85,28800.0,32992.06
2021-01-23 00:00:00,32989.1,33468.46,31426.11,32117.49
2021-01-24 00:00:00,32098.38,33075.75,30960.77,32288.83
2021-01-25 00:00:00,32289.06,34888.0,31939.12,32261.22
2021-01-26 00:00:00,32264.15,32953.28,30847.4,32504.53
2021-01-27 00:00:00,32521.65,32580.12,29150.49,30424.62
2021-01-28 00:00:00,30427.34,33870.58,29899.99,33484.87
2021-01-29 00:00:00,33488.66,38620.0,31990.0,34249.64
2021-01-30 00:00:00,34265.71,34931.39,32860.0,34323.0
2021-01-31 00:00:00,34300.19,34380.21,32193.7,33141.38
2021-02-01 00:00:00,33110.32,34736.1,32333.01,33532.74
2021-02-02 00:00:00,33497.16,36008.67,33431.67,35522.16
2021-02-03 00:00:00,35496.91,37732.87,35382.45,37691.63
2021-02-04 00:00:00,37693.0,38748.52,36197.65,36996.32
2021-02-05 00:00:00,36984.28,38359.69,36618.36,38320.0
2021-02-06 00:00:00,38320.0,41025.48,38230.81,39282.1
2021-02-07 00:00:00,39274.8,39727.44,37412.93,38858.39
2021-02-08 00:00:00,38870.36,46712.12,38050.97,46416.45
2021-02-09 00:00:00,46445.51,48216.09,45000.0,46505.2
2021-02-10 00:00:00,46493.9,47364.09,43746.06,44854.63
2021-02-11 00:00:00,44854.63,48696.84,44040.96,47981.48
2021-02-12 00:00:00,48044.88,49000.0,46231.16,47395.84
2021-02-13 00:00:00,47424.25,48220.0,46133.0,47228.48
2021-02-14 00:00:00,47258.66,49714.66,47081.02,48662.5
2021-02-15 00:00:00,48620.48,49048.82,45914.75,47942.57
2021-02-16 00:00:00,47954.05,50602.53,47036.02,49166.53
2021-02-17 00:00:00,49136.7,52640.0,48896.19,52174.28
2021-02-18 00:00:00,52141.23,52566.98,50869.61,51579.54
2021-02-19 00:00:00,51560.46,56399.99,50627.32,55988.58
2021-02-20 00:00:00,56000.59,57553.81,54000.0,55936.04
2021-02-21 00:00:00,55919.75,58354.14,55537.99,57492.91
2021-02-22 00:00:00,57485.74,57564.19,47400.0,54173.65
2021-02-23 00:00:00,54173.64,54196.58,44845.72,48887.93
2021-02-24 00:00:00,48927.33,51459.51,47000.0,49754.0
2021-02-25 00:00:00,49715.13,52079.16,46723.0,47088.58
2021-02-26 00:00:00,47070.18,48476.62,44151.97,46314.83
2021-02-27 00:00:00,46324.15,48365.31,45050.0,46109.98
2021-02-28 00:00:00,46142.1,46659.88,43021.0,45240.96
2021-03-01 00:00:00,45261.56,49831.52,45020.25,49629.33
2021-03-02 00:00:00,49641.89,50250.0,47069.52,48516.35
2021-03-03 00:00:00,48438.0,52652.82,48168.45,50379.68
2021-03-04 00:00:00,50376.05,51817.54,47500.0,48360.5
2021-03-05 00:00:00,48353.09,49471.24,46294.0,48739.21
2021-03-06 00:00:00,48774.67,49200.0,47082.29,48904.63
2021-03-07 00:00:00,48933.12,51477.53,48933.12,50967.3
2021-03-08 00:00:00,50952.55,52427.8,49316.98,52427.8
2021-03-09 00:00:00,52427.8,54939.26,51857.0,54929.02
2021-03-10 00:00:00,54927.29,57402.89,53010.0,55852.29
2021-03-11 00:00:00,55918.09,58155.99,54269.0,57772.09
2021-03-12 00:00:00,57847.92,58098.5,55011.0,57271.04
2021-03-13 00:00:00,57297.67,61781.83,56080.96,61165.19
2021-03-14 00:00:00,61177.03,61700.0,58959.57,59016.39
2021-03-15 00:00:00,58956.9,60595.13,54555.0,55644.37
2021-03-16 00:00:00,55616.42,56950.0,53221.0,56908.34
2021-03-17 00:00:00,56928.38,58968.8,54124.0,58901.8
2021-03-18 00:00:00,58939.73,60083.25,57000.0,57648.05
2021-03-19 00:00:00,57648.01,59450.95,56279.34,58072.0
2021-03-20 00:00:00,58029.94,59957.0,57815.61,58138.39
2021-03-21 00:00:00,58072.87,58632.52,55500.0,57381.79
2021-03-22 00:00:00,57410.54,58461.78,53715.0,54070.92
2021-03-23 00:00:00,54117.71,55866.44,52933.03,54361.57
2021-03-24 00:00:00,54360.07,57207.33,51638.76,52287.52
2021-03-25 00:00:00,52281.77,53271.59,50360.0,51326.11
2021-03-26 00:00:00,51292.65,55114.86,51263.38,55081.37
2021-03-27 00:00:00,55081.26,56686.15,53948.35,55839.42
2021-03-28 00:00:00,55817.85,56573.04,54677.51,55790.92
2021-03-29 00:00:00,55790.28,58402.68,54892.42,57600.1
2021-03-30 00:00:00,57623.66,59388.66,57011.0,58760.59
2021-03-31 00:00:00,58767.75,59816.17,56713.45,58782.58
2021-04-01 00:00:00,58789.96,59490.0,57935.42,58728.53
2021-04-02 00:00:00,58744.0,60103.04,58450.0,59003.6
2021-04-03 00:00:00,58967.61,59801.39,56922.0,57064.42
2021-04-04 00:00:00,57064.13,58501.0,56466.25,58212.18
2021-04-05 00:00:00,58213.69,59280.0,56800.0,59125.0
2021-04-06 00:00:00,59135.36,59473.9,57216.0,58018.3
2021-04-07 00:00:00,58024.9,58668.0,55441.93,55932.83
2021-04-08 00:00:00,55912.38,58145.49,55680.4,58096.6
2021-04-09 00:00:00,58066.18,58890.25,57657.43,58109.56
2021-04-10 00:00:00,58129.02,61222.22,57870.0,59766.93
2021-04-11 00:00:00,59773.19,60679.0,59165.15,59979.26
2021-04-12 00:00:00,59972.26,61234.56,59361.11,59831.66
2021-04-13 00:00:00,59814.87,63769.0,59780.0,63564.48
2021-04-14 00:00:00,63605.69,64895.22,61327.0,62986.09
2021-04-15 00:00:00,62954.2,63855.37,61998.9,63239.19
2021-04-16 00:00:00,63247.24,63580.4,60042.04,61436.24
2021-04-17 00:00:00,61436.23,62596.48,59676.67,60032.29
2021-04-18 00:00:00,60048.82,60433.81,51541.16,56280.6
2021-04-19 00:00:00,56260.83,57633.0,54252.88,55694.55
2021-04-20 00:00:00,55694.55,57119.0,53400.0,56503.19
2021-04-21 00:00:00,56493.02,56850.0,53628.79,53806.24
2021-04-22 00:00:00,53823.48,55491.8,50450.01,51683.95
2021-04-23 00:00:00,51693.98,52131.34,47555.0,51176.65
2021-04-24 00:00:00,51177.77,51227.38,48713.34,50118.94
2021-04-25 00:00:00,50126.34,50608.94,47004.2,49128.43
2021-04-26 00:00:00,49122.75,54404.78,48823.01,54073.41
2021-04-27 00:00:00,54015.32,55519.37,53325.75,55091.39
2021-04-28 00:00:00,55094.73,56500.0,53811.49,54901.97
2021-04-29 00:00:00,54898.45,55239.33,52379.9,53593.97
2021-04-30 00:00:00,53585.93,58008.0,53087.15,57775.27
2021-05-01 00:00:00,57790.66,58549.0,57049.63,57851.91
2021-05-02 00:00:00,57893.01,57967.01,56064.51,56622.66
2021-05-03 00:00:00,56599.91,59000.0,56500.0,57222.37
2021-05-04 00:00:00,57227.64,57250.85,53080.69,53236.84
2021-05-05 00:00:00,53221.75,57976.62,52924.5,57509.93
2021-05-06 00:00:00,57517.08,58420.83,55283.0,56447.39
2021-05-07 00:00:00,56425.82,58743.85,55288.11,57381.73
2021-05-08 00:00:00,57371.02,59564.24,56977.5,58984.75
2021-05-09 00:00:00,58964.89,59300.62,56256.0,58305.24
2021-05-10 00:00:00,58336.16,59603.0,53500.0,55880.72
2021-05-11 00:00:00,55854.43,56972.33,54500.0,56763.7
2021-05-12 00:00:00,56763.7,58021.26,48530.0,49386.56
2021-05-13 00:00:00,49419.44,51420.72,45700.0,49694.96
2021-05-14 00:00:00,49711.64,51572.0,48875.69,49880.43
2021-05-15 00:00:00,49883.89,50710.93,46448.53,46708.89
2021-05-16 00:00:00,46753.4,49800.0,43769.4,46444.75
2021-05-17 00:00:00,46446.42,46648.5,42100.0,43593.39
2021-05-18 00:00:00,43581.27,45872.05,42023.69,42877.75
2021-05-19 00:00:00,42900.85,43601.63,30066.0,36780.43
2021-05-20 00:00:00,36793.39,43000.0,35000.0,40640.9
2021-05-21 00:00:00,40566.13,42297.89,33520.0,37335.16
2021-05-22 00:00:00,37318.43,38887.99,35260.0,37500.54
2021-05-23 00:00:00,37474.34,38311.74,31107.46,34706.79
2021-05-24 00:00:00,34735.35,39960.0,34426.21,38839.86
2021-05-25 00:00:00,38848.36,40000.0,36486.85,38397.72
2021-05-26 00:00:00,38385.87,40904.0,37859.74,39309.56
2021-05-27 00:00:00,39299.46,40429.47,37212.9,38503.47
2021-05-28 00:00:00,38578.5,38905.12,34710.23,35692.46
2021-05-29 00:00:00,35691.36,37348.01,33650.0,34632.08
2021-05-30 00:00:00,34644.09,36516.99,33425.0,35677.72
2021-05-31 00:00:00,35675.3,37540.96,34195.2,37341.41
2021-06-01 00:00:00,37279.89,37927.44,35699.98,36693.3
2021-06-02 00:00:00,36693.3,38256.3,35933.19,37589.36
2021-06-03 00:00:00,37585.12,39490.0,37176.06,39219.88
2021-06-04 00:00:00,39242.94,39277.36,35576.67,36887.32
2021-06-05 00:00:00,36851.58,37927.93,34849.65,35532.14
2021-06-06 00:00:00,35532.59,36510.58,35250.0,35808.85
2021-06-07 00:00:00,35810.69,36808.3,33321.09,33582.62
2021-06-08 00:00:00,33567.51,34085.61,31025.0,33411.69
2021-06-09 00:00:00,33413.19,37556.25,32423.72,37400.0
2021-06-10 00:00:00,37414.64,38446.24,35824.69,36707.54
2021-06-11 00:00:00,36724.97,37680.65,35958.49,37341.11
2021-06-12 00:00:00,37338.91,37445.55,34630.0,35542.76
2021-06-13 00:00:00,35563.66,39386.43,34783.9,39013.76
2021-06-14 00:00:00,39035.52,41050.0,38758.4,40532.79
2021-06-15 00:00:00,40544.19,41341.57,39526.47,40171.47
2021-06-16 00:00:00,40166.93,40506.59,38095.41,38353.99
2021-06-17 00:00:00,38361.38,39553.05,37350.0,38097.68
2021-06-18 00:00:00,38110.25,38208.68,35143.68,35840.0
2021-06-19 00:00:00,35849.18,36440.0,34718.21,35507.06
2021-06-20 00:00:00,35494.7,36125.0,33337.0,35589.77
2021-06-21 00:00:00,35598.66,35763.8,31238.69,31634.16
2021-06-22 00:00:00,31628.83,33315.85,28600.0,32545.26
2021-06-23 00:00:00,32547.57,35000.0,31670.89,33652.28
2021-06-24 00:00:00,33693.99,35289.0,32314.37,34649.32
2021-06-25 00:00:00,34652.68,35517.22,31271.02,31597.75
2021-06-26 00:00:00,31595.95,32714.46,30082.79,32269.38
2021-06-27 00:00:00,32293.98,34772.94,32015.82,34699.5
2021-06-28 00:00:00,34716.02,35357.13,33878.23,34487.11
2021-06-29 00:00:00,34494.42,36623.79,34240.0,35907.93
2021-06-30 00:00:00,35900.05,36099.82,34049.36,35037.23
2021-07-01 00:00:00,35059.71,35071.34,32700.88,33564.21
2021-07-02 00:00:00,33537.11,33981.51,32700.05,33811.56
2021-07-03 00:00:00,33810.46,34959.72,33333.1,34688.3
2021-07-04 00:00:00,34672.08,35960.0,34404.29,35289.21
2021-07-05 00:00:00,35255.0,35258.7,33143.0,33704.21
2021-07-06 00:00:00,33730.76,35100.49,33510.58,34244.09
2021-07-07 00:00:00,34231.95,35059.02,33800.0,33882.47
2021-07-08 00:00:00,33858.33,33943.02,32101.0,32898.79
2021-07-09 00:00:00,32892.94,34115.44,32285.73,33826.43
2021-07-10 00:00:00,33830.73,34261.04,33014.21,33517.6
2021-07-11 00:00:00,33521.48,34635.82,33335.49,34258.53
2021-07-12 00:00:00,34266.84,34677.0,32660.0,33105.0
2021-07-13 00:00:00,33091.53,33340.0,32190.0,32728.0
2021-07-14 00:00:00,32737.56,33111.72,31589.35,32823.55
2021-07-15 00:00:00,32818.68,33179.0,31121.57,31848.65
2021-07-16 00:00:00,31885.7,32264.53,31012.93,31388.17
2021-07-17 00:00:00,31376.3,31950.0,31176.66,31529.68
2021-07-18 00:00:00,31509.33,32440.98,31100.0,31776.65
2021-07-19 00:00:00,31794.49,31881.71,30400.0,30829.29
2021-07-20 00:00:00,30822.08,31068.62,29296.39,29786.58
2021-07-21 00:00:00,29792.99,32875.42,29500.0,32138.45
2021-07-22 00:00:00,32115.82,32609.83,31703.15,32300.88
2021-07-23 00:00:00,32306.98,33684.17,32000.0,33684.17
2021-07-24 00:00:00,33685.0,34534.32,33419.31,34301.78
2021-07-25 00:00:00,34301.86,35448.97,33874.03,35428.28
2021-07-26 00:00:00,35438.93,40581.3,35282.7,37291.24
2021-07-27 00:00:00,37271.44,39539.5,36386.19,39475.41
2021-07-28 00:00:00,39446.94,40927.53,38786.8,40036.32
2021-07-29 00:00:00,40024.8,40662.8,39239.95,40037.51
2021-07-30 00:00:00,40045.21,42335.5,38331.37,42234.89
2021-07-31 00:00:00,42236.72,42411.32,41007.51,41490.13
2021-08-01 00:00:00,41489.16,42614.85,39424.27,39839.0
2021-08-02 00:00:00,39875.2,40459.31,38687.62,39165.55
2021-08-03 00:00:00,39157.52,39792.83,37639.0,38177.07
2021-08-04 00:00:00,38173.75,39973.94,37481.0,39741.12
2021-08-05 00:00:00,39742.77,41401.96,37300.0,40894.67
2021-08-06 00:00:00,40893.77,43381.0,39879.47,42856.59
2021-08-07 00:00:00,42857.09,44763.14,42251.0,44612.94
2021-08-08 00:00:00,44624.4,45355.0,43298.84,43858.42
2021-08-09 00:00:00,43836.05,46529.02,42811.26,46292.89
2021-08-10 00:00:00,46282.3,46759.0,44643.0,45609.7
2021-08-11 00:00:00,45596.21,46787.6,45353.02,45539.85
2021-08-12 00:00:00,45536.8,46236.7,43800.02,44444.45
2021-08-13 00:00:00,44413.35,47929.18,44253.97,47860.58
2021-08-14 00:00:00,47855.0,48190.0,46000.0,47119.73
2021-08-15 00:00:00,47130.97,47424.0,45500.27,47028.3
2021-08-16 00:00:00,47024.96,48075.22,45654.14,45930.51
2021-08-17 00:00:00,45930.48,47183.37,44417.51,44694.35
2021-08-18 00:00:00,44631.47,46041.62,44218.73,44721.13
2021-08-19 00:00:00,44734.16,47114.99,43935.54,46764.3
2021-08-20 00:00:00,46759.29,49436.1,46645.77,49356.0
2021-08-21 00:00:00,49332.31,49833.02,48300.0,48884.34
2021-08-22 00:00:00,48883.84,49540.01,48080.17,49301.86
2021-08-23 00:00:00,49296.71,50562.11,49010.0,49561.37
2021-08-24 00:00:00,49516.08,49893.5,47593.66,47731.33
2021-08-25 00:00:00,47670.8,49273.93,47100.0,49011.75
2021-08-26 00:00:00,49022.39,49387.6,46309.33,46856.29
2021-08-27 00:00:00,46857.86,49187.0,46363.0,49100.49
2021-08-28 00:00:00,49100.49,49325.0,48244.88,48935.36
2021-08-29 00:00:00,48947.1,49666.0,47798.29,48808.72
2021-08-30 00:00:00,48782.56,48915.29,46855.41,47003.44
2021-08-31 00:00:00,46969.05,48270.33,46699.0,47156.09
2021-09-01 00:00:00,47118.02,49134.0,46532.42,48853.49
2021-09-02 00:00:00,48830.93,50390.0,48625.0,49274.79
2021-09-03 00:00:00,49284.93,51050.0,48351.6,50025.04
2021-09-04 00:00:00,50033.5,50570.94,49388.26,49943.16
2021-09-05 00:00:00,49965.32,51900.0,49500.0,51809.28
2021-09-06 00:00:00,51809.28,52810.0,51024.32,52708.2
2021-09-07 00:00:00,52719.43,52956.47,42900.01,46866.82
2021-09-08 00:00:00,46894.3,47386.72,44436.93,46091.94
2021-09-09 00:00:00,46070.43,47419.95,45550.0,46392.81
2021-09-10 00:00:00,46368.11,47029.08,44125.0,44857.38
2021-09-11 00:00:00,44858.2,45993.32,44767.75,45176.66
2021-09-12 00:00:00,45162.96,46491.63,44752.96,46035.0
2021-09-13 00:00:00,46039.42,46895.82,43400.0,44974.34
2021-09-14 00:00:00,44983.77,47273.38,44704.18,47103.18
2021-09-15 00:00:00,47123.81,48465.77,46702.26,48150.94
2021-09-16 00:00:00,48188.12,48505.0,47035.0,47760.64
2021-09-17 00:00:00,47773.44,48179.0,46712.14,47305.18
2021-09-18 00:00:00,47316.21,48834.0,47052.9,48326.74
2021-09-19 00:00:00,48307.05,48389.52,46860.0,47245.25
2021-09-20 00:00:00,47257.86,47334.54,42453.97,43035.99
2021-09-21 00:00:00,43003.07,43643.34,39573.21,40596.54
2021-09-22 00:00:00,40702.07,44031.85,40580.18,43589.53
2021-09-23 00:00:00,43586.0,45013.17,43105.0,44903.5
2021-09-24 00:00:00,44893.7,45159.9,40693.27,42848.5
2021-09-25 00:00:00,42835.88,43010.69,41689.6,42722.19
2021-09-26 00:00:00,42699.1,43956.38,40808.0,43204.73
2021-09-27 00:00:00,43162.82,44377.7,42130.0,42189.81
2021-09-28 00:00:00,42154.87,42778.93,40888.0,41049.0
2021-09-29 00:00:00,41024.21,42595.93,40750.0,41542.9
2021-09-30 00:00:00,41537.56,44117.74,41427.87,43834.43
2021-10-01 00:00:00,43835.47,48500.0,43291.07,48171.86
2021-10-02 00:00:00,48185.61,48361.83,47468.15,47685.8
2021-10-03 00:00:00,47644.63,49225.55,47119.87,48235.93
2021-10-04 00:00:00,48231.04,49530.53,46900.0,49242.14
2021-10-05 00:00:00,49283.89,51914.68,49075.0,51501.19
2021-10-06 00:00:00,51521.89,55800.0,50428.64,55345.79
2021-10-07 00:00:00,55360.1,55360.32,53289.57,53787.6
2021-10-08 00:00:00,53816.16,56168.0,53623.02,53957.21
2021-10-09 00:00:00,53952.82,55512.05,53674.69,54976.92
2021-10-10 00:00:00,54984.49,56561.0,51000.0,54714.95
2021-10-11 00:00:00,54657.0,57855.79,54462.45,57485.2
2021-10-12 00:00:00,57490.0,57701.0,53909.0,55995.49
2021-10-13 00:00:00,56004.61,57773.89,54231.0,57374.55
2021-10-14 00:00:00,57395.84,58550.0,56830.56,57371.58
2021-10-15 00:00:00,57370.48,62944.94,56877.0,61657.35
2021-10-16 00:00:00,61703.45,62352.0,60100.27,60870.26
2021-10-17 00:00:00,60885.27,61712.0,58933.0,61538.97
2021-10-18 00:00:00,61519.52,62679.0,59013.0,62034.65
2021-10-19 00:00:00,62014.99,64499.0,61350.0,64241.61
2021-10-20 00:00:00,64282.2,67016.5,63529.0,65990.31
2021-10-21 00:00:00,66027.81,66664.1,61850.0,62219.44
2021-10-22 00:00:00,62207.51,63757.28,59953.74,60702.68
2021-10-23 00:00:00,60698.54,61737.38,59633.61,61338.76
2021-10-24 00:00:00,61306.64,61497.33,59510.0,60910.16
2021-10-25 00:00:00,60883.96,63733.93,60670.0,63101.43
2021-10-26 00:00:00,63101.43,63299.3,59830.0,60328.22
2021-10-27 00:00:00,60331.4,61489.0,58100.01,58465.9
2021-10-28 00:00:00,58471.06,62524.0,56425.0,60592.76
2021-10-29 00:00:00,60608.95,62971.54,60154.53,62301.59
2021-10-30 00:00:00,62278.92,62376.32,60660.02,61932.3
2021-10-31 00:00:00,61904.96,62438.85,60000.0,61359.44
2021-11-01 00:00:00,61356.57,62500.0,59500.0,60922.85
2021-11-02 00:00:00,60949.78,64300.0,60669.91,63260.0
2021-11-03 00:00:00,63260.0,63567.21,60018.46,62930.72
2021-11-04 00:00:00,62945.38,63136.82,60725.0,61457.25
2021-11-05 00:00:00,61430.02,62666.52,60769.17,61031.91
2021-11-06 00:00:00,61008.19,61609.5,60109.91,61542.44
2021-11-07 00:00:00,61542.43,63300.0,61396.57,63300.0
2021-11-08 00:00:00,63300.0,67803.55,63300.0,67559.0
2021-11-09 00:00:00,67547.49,68564.4,66250.0,66945.72
2021-11-10 00:00:00,66928.42,69000.0,62856.71,64921.43
2021-11-11 00:00:00,64919.18,65625.44,64140.0,64821.33
2021-11-12 00:00:00,64783.13,65497.53,62294.84,64158.41
2021-11-13 00:00:00,64140.23,64980.0,63400.0,64417.52
2021-11-14 00:00:00,64403.43,65509.87,63595.76,65509.87
2021-11-15 00:00:00,65509.87,66387.4,63348.91,63606.09
2021-11-16 00:00:00,63621.61,63628.0,58563.0,60142.31
2021-11-17 00:00:00,60115.12,60888.5,58400.0,60373.65
2021-11-18 00:00:00,60376.94,60978.39,56516.44,56917.66
2021-11-19 00:00:00,56924.94,58402.05,55640.0,58128.55
2021-11-20 00:00:00,58126.46,59896.54,57424.27,59768.54
2021-11-21 00:00:00,59785.85,60090.55,58525.84,58678.47
2021-11-22 00:00:00,58679.27,59516.78,55628.57,56294.11
2021-11-23 00:00:00,56283.8,57897.54,55128.6,57579.99
2021-11-24 00:00:00,57583.91,57750.2,55894.62,57185.06
2021-11-25 00:00:00,57169.19,59445.45,57044.42,58990.14
2021-11-26 00:00:00,59004.88,59207.36,53524.03,53789.35
2021-11-27 00:00:00,53794.32,55382.0,53653.45,54774.66
2021-11-28 00:00:00,54764.24,57482.42,53308.93,57338.55
2021-11-29 00:00:00,57327.32,58931.07,56750.0,57845.12
2021-11-30 00:00:00,57843.33,59250.0,55918.8,56974.12
2021-12-01 00:00:00,57027.28,59099.64,56469.22,57251.59
2021-12-02 00:00:00,57232.71,57413.52,55839.85,56547.96
2021-12-03 00:00:00,56534.26,57652.0,51556.01,53743.69
2021-12-04 00:00:00,53685.47,53877.77,41967.5,49234.97
2021-12-05 00:00:00,49240.81,49777.62,47836.34,49463.22
2021-12-06 00:00:00,49484.0,50986.0,47111.0,50555.0
2021-12-07 00:00:00,50550.09,51991.0,50062.13,50627.32
2021-12-08 00:00:00,50635.87,51249.41,48656.2,50543.3
2021-12-09 00:00:00,50535.15,50839.01,47332.43,47593.12
2021-12-10 00:00:00,47573.43,50132.88,46886.0,47142.42
2021-12-11 00:00:00,47179.53,49539.4,46789.0,49400.54
2021-12-12 00:00:00,49420.51,50800.0,48675.0,50124.38
2021-12-13 00:00:00,50102.31,50226.2,45750.0,46725.02
2021-12-14 00:00:00,46736.7,48689.3,46310.4,48389.96
2021-12-15 00:00:00,48386.95,49514.85,46560.0,48876.84
2021-12-16 00:00:00,48876.84,49449.0,47506.21,47663.42
2021-12-17 00:00:00,47654.99,48018.52,45478.74,46210.92
2021-12-18 00:00:00,46141.63,47370.14,45501.0,46881.87
2021-12-19 00:00:00,46854.18,48307.34,46450.0,46704.67
2021-12-20 00:00:00,46671.66,47547.5,45572.94,46915.0
2021-12-21 00:00:00,46926.72,49353.49,46667.08,48929.86
2021-12-22 00:00:00,48907.75,49600.0,48449.87,48618.99
2021-12-23 00:00:00,48618.99,51386.66,48051.1,50850.0
2021-12-24 00:00:00,50850.0,51864.56,50442.34,50841.48
2021-12-25 00:00:00,50857.42,51179.36,50190.9,50442.22
2021-12-26 00:00:00,50421.51,51292.65,49458.85,50791.21
2021-12-27 00:00:00,50885.32,52098.6,50479.44,50718.11
2021-12-28 00:00:00,50708.05,50719.59,47300.0,47543.3
2021-12-29 00:00:00,47597.7,48157.41,46099.94,46483.36
2021-12-30 00:00:00,46474.59,47916.32,45934.37,47150.71
2021-12-31 00:00:00,47110.3,48589.47,45655.31,46214.37
2022-01-01 00:00:00,46230.0,47960.98,46199.9,47777.42
2022-01-02 00:00:00,47745.25,47989.0,46660.0,47350.22
2022-01-03 00:00:00,47290.55,47586.58,45692.13,46439.89
2022-01-04 00:00:00,46464.01,47526.0,45539.05,45820.0
2022-01-05 00:00:00,45828.77,46855.06,42413.59,43435.8
2022-01-06 00:00:00,43417.31,43782.86,42414.0,43097.6
2022-01-07 00:00:00,43093.4,43135.35,40600.0,41535.66
2022-01-08 00:00:00,41576.73,42315.31,40517.05,41690.77
2022-01-09 00:00:00,41697.32,42796.49,41200.0,41875.81
2022-01-10 00:00:00,41853.98,42256.55,39558.7,41845.42
2022-01-11 00:00:00,41842.22,43144.74,41284.11,42736.0
2022-01-12 00:00:00,42754.44,44337.26,42471.17,43933.5
2022-01-13 00:00:00,43935.01,44456.34,42321.0,42571.94
2022-01-14 00:00:00,42579.44,43468.95,41782.21,43102.35
2022-01-15 00:00:00,43085.76,43826.8,42387.86,43102.01
2022-01-16 00:00:00,43084.77,43495.59,42615.0,43107.7
2022-01-17 00:00:00,43099.08,43209.47,41581.0,42255.07
2022-01-18 00:00:00,42230.09,42685.25,41290.06,42377.4
2022-01-19 00:00:00,42378.23,42589.9,41145.23,41683.21
2022-01-20 00:00:00,41733.21,43518.69,40554.14,40736.05
2022-01-21 00:00:00,40654.72,41115.58,35423.0,36495.46
2022-01-22 00:00:00,36447.37,36825.98,34000.0,35091.11
2022-01-23 00:00:00,35084.79,36574.47,34624.59,36293.62
2022-01-24 00:00:00,36262.21,38050.0,32950.72,36724.99
2022-01-25 00:00:00,36721.59,37552.3,35722.43,36975.91
2022-01-26 00:00:00,37006.76,38946.0,36279.21,36829.32
2022-01-27 00:00:00,36824.02,37251.0,35511.32,37208.36
2022-01-28 00:00:00,37179.62,38022.11,36173.98,37748.36
2022-01-29 00:00:00,37713.14,38741.67,37327.79,38192.65
2022-01-30 00:00:00,38176.45,38378.88,37372.59,37941.82
2022-01-31 00:00:00,37914.1,38776.33,36631.66,38491.92
2022-02-01 00:00:00,38483.56,39285.0,38033.78,38733.04
2022-02-02 00:00:00,38768.08,38883.96,36618.36,36923.5
2022-02-03 00:00:00,36924.5,37391.74,36264.55,37320.11
2022-02-04 00:00:00,37330.75,41760.39,37064.28,41579.57
2022-02-05 00:00:00,41608.82,41983.12,40975.0,41427.72
2022-02-06 00:00:00,41422.7,42701.86,41141.81,42420.24
2022-02-07 00:00:00,42420.24,44524.18,41682.11,43869.04
2022-02-08 00:00:00,43895.6,45501.0,42701.19,44091.56
2022-02-09 00:00:00,44106.95,44865.72,43164.0,44426.84
2022-02-10 00:00:00,44426.24,45850.0,43209.07,43524.6
2022-02-11 00:00:00,43540.15,43969.72,41983.12,42406.19
2022-02-12 00:00:00,42392.22,43034.0,41740.06,42241.11
2022-02-13 00:00:00,42232.68,42779.6,41882.54,42077.74
2022-02-14 00:00:00,42078.53,42871.68,41575.0,42540.3
2022-02-15 00:00:00,42567.27,44785.66,42469.96,44582.48
2022-02-16 00:00:00,44590.75,44590.75,43312.83,43901.48
2022-02-17 00:00:00,43901.49,44204.78,40088.88,40556.11
2022-02-18 00:00:00,40532.66,40996.31,39450.0,39996.99
2022-02-19 00:00:00,40008.75,40471.27,39587.08,40109.02
2022-02-20 00:00:00,40108.62,40151.62,37974.18,38373.9
2022-02-21 00:00:00,38384.09,39494.11,36810.72,37076.6
2022-02-22 00:00:00,37036.98,38463.88,36368.99,38269.94
2022-02-23 00:00:00,38269.94,39303.24,37060.16,37274.18
2022-02-24 00:00:00,37253.26,39720.0,34324.05,38376.88
2022-02-25 00:00:00,38360.93,39727.97,38027.61,39231.64
2022-02-26 00:00:00,39242.64,40330.99,38600.0,39146.66
2022-02-27 00:00:00,39146.66,39886.92,37015.74,37712.68
2022-02-28 00:00:00,37717.1,44256.08,37468.99,43178.98
2022-03-01 00:00:00,43221.71,43626.49,43185.48,43185.48
2022-03-02 00:00:00,44357.62,45077.58,43432.85,43924.12
2022-03-03 00:00:00,43925.2,44021.58,41914.75,42451.79
2022-03-04 00:00:00,42458.14,42479.61,38805.85,39137.6
2022-03-05 00:00:00,39148.45,39566.34,38777.04,39400.58
2022-03-06 00:00:00,39404.2,39640.18,38211.65,38419.98
2022-03-07 00:00:00,38429.3,39430.23,37260.2,38062.04
2022-03-08 00:00:00,38059.9,39304.44,37957.39,38737.27
2022-03-09 00:00:00,38742.82,42465.67,38706.09,41982.93
2022-03-10 00:00:00,41974.07,42004.73,38832.94,39437.46
2022-03-11 00:00:00,39439.97,40081.68,38347.43,38794.97
2022-03-12 00:00:00,38794.46,39308.6,38772.54,38904.01
2022-03-13 00:00:00,38884.72,39209.35,37728.14,37849.66
2022-03-14 00:00:00,37846.32,39742.5,37680.73,39666.76
2022-03-15 00:00:00,39664.25,39794.63,38310.21,39338.79
2022-03-16 00:00:00,39335.57,41465.45,39022.35,41143.93
2022-03-17 00:00:00,41140.84,41287.54,40662.87,40951.38
2022-03-18 00:00:00,40944.84,42195.74,40302.4,41801.15
2022-03-19 00:00:00,41794.65,42316.55,41602.67,42190.65
2022-03-20 00:00:00,42191.41,42241.16,41004.76,41247.82
2022-03-21 00:00:00,41246.13,41454.41,40668.04,41078.0
2022-03-22 00:00:00,41074.1,43124.71,40948.28,42358.81
2022-03-23 00:00:00,42364.38,42893.51,41877.51,42892.96
2022-03-24 00:00:00,42886.65,44131.85,42726.16,43960.93
2022-03-25 00:00:00,43964.55,44999.49,43706.29,44348.73
2022-03-26 00:00:00,44349.86,44736.0,44166.28,44500.83
2022-03-27 00:00:00,44505.36,46827.55,44437.29,46820.49
2022-03-28 00:00:00,46821.85,48086.84,46690.2,47128.01
2022-03-29 00:00:00,47100.44,48022.29,47100.44,47465.73
2022-03-30 00:00:00,47456.9,47655.15,46746.21,47062.66
2022-03-31 00:00:00,47062.15,47512.03,45390.54,45538.68
2022-04-01 00:00:00,45554.16,46616.24,44403.14,46281.64
2022-04-02 00:00:00,46285.5,47028.28,45782.51,45868.95
2022-04-03 00:00:00,45859.13,47313.48,45634.1,46453.57
2022-04-04 00:00:00,46445.27,46791.09,45235.82,46622.67
2022-04-05 00:00:00,46624.51,47106.14,45544.81,45555.99
2022-04-06 00:00:00,45544.36,45544.36,43193.95,43206.74
2022-04-07 00:00:00,43207.5,43860.7,42899.91,43503.85
2022-04-08 00:00:00,43505.14,43903.02,42183.29,42287.66
2022-04-09 00:00:00,42282.08,42786.82,42183.25,42782.14
2022-04-10 00:00:00,42781.09,43376.38,42021.21,42207.67
2022-04-11 00:00:00,42201.04,42424.59,39373.06,39521.9
2022-04-12 00:00:00,39533.71,40617.59,39388.33,40127.18
2022-04-13 00:00:00,40123.57,41430.05,39712.75,41166.73
2022-04-14 00:00:00,41160.22,41451.48,39695.74,39935.52
2022-04-15 00:00:00,39939.4,40617.72,39866.83,40553.46
2022-04-16 00:00:00,40552.32,40633.68,40078.43,40424.48
2022-04-17 00:00:00,40417.78,40570.73,39620.89,39716.95
2022-04-18 00:00:00,39721.2,40986.32,38696.19,40826.21
2022-04-19 00:00:00,40828.17,41672.96,40618.63,41502.75
2022-04-20 00:00:00,41501.74,42126.3,40961.1,41374.38
2022-04-21 00:00:00,41371.52,42893.58,40063.83,40527.36
2022-04-22 00:00:00,40525.86,40777.76,39315.42,39740.32
2022-04-23 00:00:00,39738.72,39935.86,39352.2,39486.73
2022-04-24 00:00:00,39478.37,39845.92,39233.54,39469.29
2022-04-25 00:00:00,39472.61,40491.75,38338.38,40458.31
2022-04-26 00:00:00,40448.42,40713.89,37884.99,38117.46
2022-04-27 00:00:00,38120.3,39397.92,37997.31,39241.12
2022-04-28 00:00:00,39241.43,40269.47,38941.42,39773.83
2022-04-29 00:00:00,39768.62,39887.27,38235.54,38609.82
2022-04-30 00:00:00,38605.86,38771.21,37697.94,37714.88
2022-05-01 00:00:00,37713.27,38627.86,37585.79,38469.09
2022-05-02 00:00:00,38472.19,39074.97,38156.56,38529.33
2022-05-03 00:00:00,38528.11,38629.99,37585.62,37750.45
2022-05-04 00:00:00,37748.01,39902.95,37732.06,39698.37
2022-05-05 00:00:00,39695.75,39789.28,35856.52,36575.14
2022-05-06 00:00:00,36573.18,36624.36,35482.13,36040.92
2022-05-07 00:00:00,36042.5,36129.93,34940.82,35501.95
2022-05-08 00:00:00,35502.94,35502.94,33878.96,34059.26
2022-05-09 00:00:00,34060.02,34222.07,30296.95,30296.95
2022-05-10 00:00:00,30273.65,32596.31,29944.8,31022.91
2022-05-11 00:00:00,31016.18,32013.4,28170.41,28936.36
2022-05-12 00:00:00,28936.73,30032.44,26350.49,29047.75
2022-05-13 00:00:00,29030.91,30924.8,28782.33,29283.1
2022-05-14 00:00:00,29285.64,30192.8,28702.91,30101.27
2022-05-15 00:00:00,30098.59,31308.19,29527.74,31305.11
2022-05-16 00:00:00,31304.37,31305.34,29251.89,29862.92
2022-05-17 00:00:00,29862.41,30694.49,29570.3,30425.86
2022-05-18 00:00:00,30424.48,30618.72,28720.27,28720.27
2022-05-19 00:00:00,28720.36,30430.75,28708.96,30314.33
2022-05-20 00:00:00,30311.12,30664.98,28793.61,29200.74
2022-05-21 00:00:00,29199.86,29588.87,29027.39,29432.23
2022-05-22 00:00:00,29432.47,30425.86,29275.18,30323.72
2022-05-23 00:00:00,30309.4,30590.59,28975.56,29098.91
2022-05-24 00:00:00,29101.13,29774.35,28786.59,29655.59
2022-05-25 00:00:00,29653.14,30157.78,29384.95,29562.36
2022-05-26 00:00:00,29564.78,29834.16,28261.91,29267.22
2022-05-27 00:00:00,29251.14,29346.94,28326.61,28627.57
2022-05-28 00:00:00,28842.1,29135.92,28554.57,29023.49
2022-05-29 00:00:00,29019.87,29498.01,28841.11,29445.96
2022-05-30 00:00:00,29443.37,31949.63,29303.57,31726.39
2022-05-31 00:00:00,31723.87,32249.86,31286.15,31792.31
2022-06-01 00:00:00,31792.55,31957.28,29501.59,29799.08
2022-06-02 00:00:00,29794.89,30604.73,29652.7,30467.49
2022-06-03 00:00:00,30467.81,30633.03,29375.69,29704.39
2022-06-04 00:00:00,29706.14,29930.56,29500.01,29832.91
2022-06-05 00:00:00,29835.12,30117.74,29574.45,29906.66
2022-06-06 00:00:00,29910.28,31693.29,29894.19,31370.67
2022-06-07 00:00:00,31371.74,31489.68,29311.68,31155.48
2022-06-08 00:00:00,31151.48,31253.69,29944.4,30214.36
2022-06-09 00:00:00,30215.28,30609.31,30020.26,30112.0
2022-06-10 00:00:00,30110.33,30245.81,28978.15,29083.8
2022-06-11 00:00:00,29084.67,29401.92,28236.21,28360.81
2022-06-12 00:00:00,28373.51,28502.69,26762.65,26762.65
2022-06-13 00:00:00,26737.58,26795.59,22141.26,22487.39
2022-06-14 00:00:00,22487.99,23018.95,20950.82,22206.79
2022-06-15 00:00:00,22196.73,22642.67,20178.38,22572.84
2022-06-16 00:00:00,22576.31,22868.92,20265.23,20381.65
2022-06-17 00:00:00,20385.72,21243.31,20326.52,20471.48
2022-06-18 00:00:00,20473.42,20736.04,17708.62,19017.64
2022-06-19 00:00:00,19010.9,20683.82,18067.15,20553.27
2022-06-20 00:00:00,20553.37,20913.32,19689.17,20599.54
2022-06-21 00:00:00,20594.29,21620.63,20415.06,20710.6
2022-06-22 00:00:00,20719.41,20835.75,19848.08,19987.03
2022-06-23 00:00:00,19986.61,21135.76,19950.12,21085.88
2022-06-24 00:00:00,21084.65,21472.92,20777.51,21231.66
2022-06-25 00:00:00,21233.61,21520.91,20964.59,21502.34
2022-06-26 00:00:00,21496.49,21783.72,21016.27,21027.3
2022-06-27 00:00:00,21028.24,21478.09,20620.2,20735.48
2022-06-28 00:00:00,20731.54,21164.42,20228.81,20280.64
2022-06-29 00:00:00,20281.17,20364.16,19937.79,20104.02
2022-06-30 00:00:00,20108.31,20141.16,18729.66,19784.73
2022-07-01 00:00:00,19820.47,20632.67,19073.71,19269.37
2022-07-02 00:00:00,19274.84,19371.75,19027.08,19242.26
2022-07-03 00:00:00,19242.09,19558.27,18966.95,19297.08
2022-07-04 00:00:00,19297.31,20258.75,19063.07,20231.26
2022-07-05 00:00:00,20225.35,20635.47,19341.23,20190.11
2022-07-06 00:00:00,20194.62,20595.53,19823.51,20548.25
2022-07-07 00:00:00,20547.81,21771.82,20296.1,21637.59
2022-07-08 00:00:00,21637.16,22314.94,21257.45,21731.12
2022-07-09 00:00:00,21716.83,21877.14,21445.96,21592.21
2022-07-10 00:00:00,21591.08,21591.08,20727.12,20860.45
2022-07-11 00:00:00,20856.35,20856.35,19924.54,19970.56
2022-07-12 00:00:00,19970.48,20043.45,19308.53,19323.91
2022-07-13 00:00:00,19325.97,20223.05,18999.95,20212.07
2022-07-14 00:00:00,20211.47,20789.89,19689.26,20569.92
2022-07-15 00:00:00,20573.16,21138.24,20397.0,20836.33
2022-07-16 00:00:00,20834.1,21514.4,20518.9,21190.32
2022-07-17 00:00:00,21195.04,21600.64,20778.18,20779.34
2022-07-18 00:00:00,20781.91,22633.03,20781.91,22485.69
2022-07-19 00:00:00,22467.85,23666.96,21683.41,23389.43
2022-07-20 00:00:00,23393.19,24196.82,23009.95,23231.73
2022-07-21 00:00:00,23233.2,23388.32,22431.15,23164.63
2022-07-22 00:00:00,23163.75,23671.93,22603.42,22714.98
2022-07-23 00:00:00,22706.98,22977.21,22002.91,22465.48
2022-07-24 00:00:00,22465.51,22974.0,22306.84,22609.16
2022-07-25 00:00:00,22607.16,22649.12,21361.64,21361.7
2022-07-26 00:00:00,21361.12,21361.12,20776.82,21239.75
2022-07-27 00:00:00,21244.17,22986.53,21070.81,22930.55
2022-07-28 00:00:00,22933.64,24110.47,22722.27,23843.89
2022-07-29 00:00:00,23845.21,24294.79,23481.17,23804.63
2022-07-30 00:00:00,23796.82,24572.58,23580.51,23656.21
2022-07-31 00:00:00,23652.07,24121.64,23275.7,23336.9
2022-08-01 00:00:00,23336.72,23464.79,22890.8,23314.2
2022-08-02 00:00:00,23308.43,23415.04,22710.08,22978.12
2022-08-03 00:00:00,22981.3,23578.65,22747.84,22846.51
2022-08-04 00:00:00,22848.21,23198.01,22485.7,22630.96
2022-08-05 00:00:00,22626.83,23422.83,22612.18,23289.31
2022-08-06 00:00:00,23291.42,23326.56,22961.28,22961.28
2022-08-07 00:00:00,22963.51,23359.01,22894.56,23175.89
2022-08-08 00:00:00,23179.53,24203.69,23176.55,23809.49
2022-08-09 00:00:00,23811.48,23898.62,22982.0,23164.32
2022-08-10 00:00:00,23162.9,24127.41,22771.52,23947.64
2022-08-11 00:00:00,23948.35,24822.63,23901.0,23957.53
2022-08-12 00:00:00,23957.2,24412.57,23657.27,24402.82
2022-08-13 00:00:00,24402.19,24860.05,24346.11,24424.07
2022-08-14 00:00:00,24429.06,24974.91,24206.26,24319.33
2022-08-15 00:00:00,24318.32,25135.59,23839.77,24136.97
2022-08-16 00:00:00,24126.14,24228.42,23733.5,23883.29
2022-08-17 00:00:00,23881.32,24407.06,23243.35,23336.0
2022-08-18 00:00:00,23341.04,23563.83,23177.6,23212.74
2022-08-19 00:00:00,23213.31,23213.31,20868.85,20877.55
2022-08-20 00:00:00,20872.84,21350.81,20856.73,21166.06
2022-08-21 00:00:00,21160.39,21668.85,21103.2,21534.12
2022-08-22 00:00:00,21531.46,21531.46,20939.18,21398.91
2022-08-23 00:00:00,21401.05,21646.2,20955.14,21528.09
2022-08-24 00:00:00,21526.46,21783.08,21195.01,21395.02
2022-08-25 00:00:00,21395.46,21789.64,21362.44,21600.91
2022-08-26 00:00:00,21596.09,21804.91,20199.48,20260.02
2022-08-27 00:00:00,20262.48,20340.77,19890.52,20041.74
2022-08-28 00:00:00,20041.03,20139.05,19616.81,19616.81
2022-08-29 00:00:00,19615.15,20357.46,19600.79,20297.99
2022-08-30 00:00:00,20298.61,20542.64,19617.64,19796.81
2022-08-31 00:00:00,19799.58,20420.99,19799.58,20049.76
2022-09-01 00:00:00,20050.5,20198.39,19653.97,20127.14
2022-09-02 00:00:00,20126.07,20401.57,19814.77,19969.77
2022-09-03 00:00:00,19969.72,20037.01,19698.36,19832.09
2022-09-04 00:00:00,19832.47,19999.69,19636.82,19986.71
2022-09-05 00:00:00,19988.79,20031.16,19673.05,19812.37
2022-09-06 00:00:00,19817.72,20155.27,18800.17,18837.67
2022-09-07 00:00:00,18837.68,19427.17,18644.47,19290.32
2022-09-08 00:00:00,19289.94,19417.35,19076.71,19329.83
2022-09-09 00:00:00,19328.14,21439.41,19310.96,21381.15
2022-09-10 00:00:00,21376.91,21760.28,21168.72,21680.54
2022-09-11 00:00:00,21678.54,21770.55,21406.94,21769.26
2022-09-12 00:00:00,21770.15,22439.18,21603.9,22370.45
2022-09-13 00:00:00,22371.48,22673.82,20062.67,20296.71
2022-09-14 00:00:00,20184.56,20467.2,19793.4,20241.09
2022-09-15 00:00:00,20242.29,20318.17,19636.73,19701.21
2022-09-16 00:00:00,19704.01,19870.63,19400.08,19772.58
2022-09-17 00:00:00,19777.03,20162.53,19777.03,20127.58
2022-09-18 00:00:00,20127.23,20127.23,19387.49,19419.51
2022-09-19 00:00:00,19418.57,19639.48,18390.32,19544.13
2022-09-20 00:00:00,19545.59,19602.46,18813.46,18890.79
2022-09-21 00:00:00,18891.28,19674.63,18290.32,18547.4
2022-09-22 00:00:00,18534.65,19456.91,18415.59,19413.55
2022-09-23 00:00:00,19412.4,19464.67,18617.55,19297.64
2022-09-24 00:00:00,19296.99,19310.2,18861.97,18937.01
2022-09-25 00:00:00,18936.31,19134.73,18696.47,18802.1
2022-09-26 00:00:00,18803.9,19274.87,18721.29,19222.67
2022-09-27 00:00:00,19221.84,20338.46,18915.67,19110.55
2022-09-28 00:00:00,19104.62,19688.34,18553.3,19426.72
2022-09-29 00:00:00,19427.78,19589.27,18924.35,19573.05
2022-09-30 00:00:00,19573.43,20109.85,19265.66,19431.79
2022-10-01 00:00:00,19431.1,19471.15,19231.08,19312.09
2022-10-02 00:00:00,19311.85,19370.31,18970.62,19044.11
2022-10-03 00:00:00,19044.07,19653.54,19025.23,19623.58
2022-10-04 00:00:00,19623.58,20380.34,19523.84,20336.84
2022-10-05 00:00:00,20335.9,20343.75,19801.8,20160.72
2022-10-06 00:00:00,20161.04,20408.39,19900.09,19955.44
2022-10-07 00:00:00,19957.56,20041.09,19395.79,19546.85
2022-10-08 00:00:00,19546.33,19601.7,19299.41,19416.57
2022-10-09 00:00:00,19417.48,19542.54,19349.26,19446.43
2022-10-10 00:00:00,19446.42,19515.47,19102.98,19141.48
2022-10-11 00:00:00,19139.0,19241.96,18925.6,19051.42
2022-10-12 00:00:00,19052.65,19203.2,19029.76,19157.45
2022-10-13 00:00:00,19156.97,19453.33,18319.82,19382.9
2022-10-14 00:00:00,19382.53,19889.15,19115.41,19185.66
2022-10-15 00:00:00,19185.44,19212.54,19019.25,19067.64
2022-10-16 00:00:00,19068.91,19389.6,19068.91,19268.09
2022-10-17 00:00:00,19268.56,19635.8,19173.33,19550.76
2022-10-18 00:00:00,19550.47,19667.0,19144.77,19334.42
2022-10-19 00:00:00,19335.03,19348.42,19127.69,19139.53
2022-10-20 00:00:00,19138.09,19315.2,18971.46,19053.74
2022-10-21 00:00:00,19053.2,19237.39,18770.97,19172.47
2022-10-22 00:00:00,19172.38,19248.07,19132.24,19208.19
2022-10-23 00:00:00,19207.73,19646.65,19124.2,19567.01
2022-10-24 00:00:00,19567.77,19589.12,19206.32,19345.57
2022-10-25 00:00:00,19344.96,20348.41,19261.45,20095.86
2022-10-26 00:00:00,20092.24,20938.13,20076.12,20770.44
2022-10-27 00:00:00,20772.8,20854.04,20255.37,20285.84
2022-10-28 00:00:00,20287.96,20724.98,20086.07,20595.35
2022-10-29 00:00:00,20595.1,20988.39,20566.48,20818.48
2022-10-30 00:00:00,20817.98,20917.01,20547.46,20635.6
2022-10-31 00:00:00,20633.7,20795.32,20287.46,20495.77
2022-11-01 00:00:00,20494.9,20647.29,20359.85,20485.27
2022-11-02 00:00:00,20482.96,20742.81,20087.13,20159.5
2022-11-03 00:00:00,20162.69,20382.1,20086.24,20209.99
2022-11-04 00:00:00,20208.77,21209.56,20188.02,21147.23
2022-11-05 00:00:00,21144.83,21446.89,21097.64,21282.69
2022-11-06 00:00:00,21285.06,21345.38,20920.19,20926.49
2022-11-07 00:00:00,20924.62,21053.25,20489.97,20602.82
2022-11-08 00:00:00,20600.67,20664.61,17603.54,18541.27
2022-11-09 00:00:00,18543.76,18590.46,15682.69,15880.78
2022-11-10 00:00:00,15883.16,18054.31,15834.02,17586.77
2022-11-11 00:00:00,17583.25,17650.94,16543.48,17034.29
2022-11-12 00:00:00,17036.88,17066.68,16651.77,16799.18
2022-11-13 00:00:00,16799.72,16920.77,16320.64,16353.37
2022-11-14 00:00:00,16352.03,17109.32,15872.94,16618.2
2022-11-15 00:00:00,16617.48,17051.96,16542.55,16884.61
2022-11-16 00:00:00,16884.34,16960.3,16430.11,16669.44
2022-11-17 00:00:00,16670.43,16726.44,16460.68,16687.52
2022-11-18 00:00:00,16687.91,16947.06,16564.61,16697.78
2022-11-19 00:00:00,16696.22,16797.88,16570.41,16711.55
2022-11-20 00:00:00,16712.92,16746.78,16248.69,16291.83
2022-11-21 00:00:00,16291.22,16291.22,15599.05,15787.28
2022-11-22 00:00:00,15782.3,16253.05,15656.61,16189.77
2022-11-23 00:00:00,16195.59,16638.19,16170.5,16610.71
2022-11-24 00:00:00,16611.64,16771.48,16501.77,16604.47
2022-11-25 00:00:00,16602.27,16603.32,16388.4,16521.84
2022-11-26 00:00:00,16521.58,16666.86,16416.23,16464.28
2022-11-27 00:00:00,16463.88,16594.41,16437.03,16444.63
2022-11-28 00:00:00,16440.22,16482.93,16054.53,16217.32
2022-11-29 00:00:00,16217.64,16522.26,16139.4,16444.98
2022-11-30 00:00:00,16445.48,17190.94,16445.48,17168.57
2022-12-01 00:00:00,17168.0,17197.5,16888.39,16967.13
2022-12-02 00:00:00,16968.68,17088.66,16877.88,17088.66
2022-12-03 00:00:00,17090.1,17116.04,16888.14,16908.24
2022-12-04 00:00:00,16908.17,17157.77,16903.44,17130.49
2022-12-05 00:00:00,17128.89,17378.15,16922.43,16974.83
2022-12-06 00:00:00,16975.24,17091.86,16939.92,17089.5
2022-12-07 00:00:00,17089.51,17109.38,16750.56,16848.13
2022-12-08 00:00:00,16847.35,17267.92,16788.78,17233.47
2022-12-09 00:00:00,17232.15,17280.55,17100.84,17133.15
2022-12-10 00:00:00,17134.22,17216.83,17120.68,17128.72
2022-12-11 00:00:00,17129.71,17245.64,17091.82,17104.19
2022-12-12 00:00:00,17102.5,17212.56,16899.39,17206.44
2022-12-13 00:00:00,17206.44,17930.09,17111.76,17781.32
2022-12-14 00:00:00,17782.07,18318.53,17652.1,17652.1
2022-12-15 00:00:00,17813.64,17846.74,17322.59,17364.86
2022-12-16 00:00:00,17364.55,17505.53,16584.7,16647.48
2022-12-17 00:00:00,16646.98,16800.59,16614.03,16795.09
2022-12-18 00:00:00,16795.61,16815.39,16697.82,16757.98
2022-12-19 00:00:00,16759.04,16807.53,16398.14,16439.68
2022-12-20 00:00:00,16441.79,17012.98,16427.87,16906.31
2022-12-21 00:00:00,16904.53,16916.8,16755.91,16817.53
2022-12-22 00:00:00,16818.38,16866.67,16592.41,16830.34
2022-12-23 00:00:00,16829.64,16905.22,16794.46,16796.95
2022-12-24 00:00:00,16796.98,16864.7,16793.53,16847.76
2022-12-25 00:00:00,16847.51,16860.55,16755.25,16841.99
2022-12-26 00:00:00,16842.25,16920.12,16812.37,16919.81
2022-12-27 00:00:00,16919.29,16959.85,16642.07,16717.17
2022-12-28 00:00:00,16716.4,16768.17,16497.56,16552.57
2022-12-29 00:00:00,16552.32,16651.76,16508.68,16642.34
2022-12-30 00:00:00,16641.33,16643.43,16408.48,16602.59
2022-12-31 00:00:00,16603.67,16628.99,16517.52,16547.5
2023-01-01 00:00:00,16547.91,16630.44,16521.23,16625.08
2023-01-02 00:00:00,16625.51,16759.34,16572.23,16688.47
2023-01-03 00:00:00,16688.85,16760.45,16622.37,16679.86
2023-01-04 00:00:00,16680.2,16964.59,16667.76,16863.24
2023-01-05 00:00:00,16863.47,16884.02,16790.28,16836.74
2023-01-06 00:00:00,16836.47,16991.99,16716.42,16951.97
2023-01-07 00:00:00,16952.12,16975.02,16914.19,16955.08
2023-01-08 00:00:00,16954.15,17091.14,16924.05,17091.14
2023-01-09 00:00:00,17093.99,17389.96,17093.99,17196.55
2023-01-10 00:00:00,17192.95,17484.72,17162.99,17446.29
2023-01-11 00:00:00,17446.36,17987.63,17337.99,17943.9
2023-01-12 00:00:00,17944.07,19030.09,17919.23,18869.59
2023-01-13 00:00:00,18868.91,19964.32,18753.16,19909.57
2023-01-14 00:00:00,19910.54,21075.14,19907.83,20976.3
2023-01-15 00:00:00,20977.48,20993.75,20606.99,20880.8
2023-01-16 00:00:00,20882.22,21360.87,20715.75,21169.63
2023-01-17 00:00:00,21175.83,21438.66,20978.53,21161.52
2023-01-18 00:00:00,21161.05,21564.5,20541.54,20688.78
2023-01-19 00:00:00,20686.75,21163.01,20685.38,21086.79
2023-01-20 00:00:00,21085.37,22692.36,20919.13,22676.55
2023-01-21 00:00:00,22677.43,23282.35,22511.83,22777.63
2023-01-22 00:00:00,22777.99,23056.73,22387.9,22720.42
2023-01-23 00:00:00,22721.09,23126.49,22654.3,22934.43
2023-01-24 00:00:00,22929.63,23134.01,22549.74,22636.47
2023-01-25 00:00:00,22639.27,23722.1,22406.08,23117.86
2023-01-26 00:00:00,23108.95,23237.08,22911.37,23032.78
2023-01-27 00:00:00,23030.72,23417.72,22654.59,23078.73
2023-01-28 00:00:00,23079.96,23165.9,22908.85,23031.09
2023-01-29 00:00:00,23031.45,23919.89,22985.07,23774.57
2023-01-30 00:00:00,23774.65,23789.35,22657.58,22840.14
2023-01-31 00:00:00,22840.8,23225.02,22765.57,23139.28
2023-02-01 00:00:00,23137.84,23764.54,22877.75,23723.77
2023-02-02 00:00:00,23720.82,24167.21,23468.6,23471.87
2023-02-03 00:00:00,23469.41,23678.1,23279.96,23449.32
2023-02-04 00:00:00,23446.32,23556.95,23291.8,23331.85
2023-02-05 00:00:00,23332.25,23423.44,22841.76,22955.67
2023-02-06 00:00:00,22954.02,23119.28,22692.03,22760.11
2023-02-07 00:00:00,22757.27,23310.98,22756.26,23264.29
2023-02-08 00:00:00,23263.42,23367.96,22731.1,22939.4
2023-02-09 00:00:00,22946.57,22996.44,21773.97,21819.04
2023-02-10 00:00:00,21819.01,21941.19,21539.39,21651.18
2023-02-11 00:00:00,21651.84,21891.41,21618.45,21870.87
2023-02-12 00:00:00,21870.9,22060.99,21682.83,21788.2
2023-02-13 00:00:00,21787.0,21898.41,21460.09,21808.1
2023-02-14 00:00:00,21801.82,22293.14,21632.39,22220.8
2023-02-15 00:00:00,22220.59,24307.84,22082.77,24307.84
2023-02-16 00:00:00,24307.35,25134.12,23602.52,23623.47
2023-02-17 00:00:00,23621.28,24924.04,23460.76,24565.6
2023-02-18 00:00:00,24565.3,24798.84,24468.37,24641.28
2023-02-19 00:00:00,24640.03,25093.06,24327.64,24327.64
2023-02-20 00:00:00,24336.62,25020.46,23927.91,24829.15
2023-02-21 00:00:00,24833.05,25126.85,24200.36,24436.35
2023-02-22 00:00:00,24437.42,24472.34,23644.32,24188.84
2023-02-23 00:00:00,24190.72,24572.09,23693.92,23947.49
2023-02-24 00:00:00,23946.01,24103.7,23007.07,23198.13
2023-02-25 00:00:00,23200.13,23210.21,22861.56,23175.38
2023-02-26 00:00:00,23174.15,23654.37,23084.22,23561.21
2023-02-27 00:00:00,23561.45,23857.89,23205.88,23522.87
2023-02-28 00:00:00,23521.84,23585.38,23077.65,23147.35
2023-03-01 00:00:00,23150.93,23880.63,23088.63,23646.55
2023-03-02 00:00:00,23647.02,23739.14,23245.02,23475.47
2023-03-03 00:00:00,23476.63,23479.35,22213.24,22362.68
2023-03-04 00:00:00,22362.92,22405.18,22198.98,22353.35
2023-03-05 00:00:00,22354.14,22613.69,22307.14,22435.51
2023-03-06 00:00:00,22436.82,22584.29,22331.31,22429.76
2023-03-07 00:00:00,22428.32,22527.42,22011.26,22219.77
2023-03-08 00:00:00,22216.44,22268.9,21708.05,21718.08
2023-03-09 00:00:00,21720.08,21802.72,20210.31,20363.02
2023-03-10 00:00:00,20367.0,20370.6,19628.25,20187.24
2023-03-11 00:00:00,20187.88,20792.53,20068.66,20632.41
2023-03-12 00:00:00,20628.03,22185.03,20448.81,22163.95
2023-03-13 00:00:00,22156.41,24550.84,21918.2,24197.53
2023-03-14 00:00:00,24201.77,26514.72,24081.18,24746.07
2023-03-15 00:00:00,24770.93,25240.62,23964.91,24375.96
2023-03-16 00:00:00,24373.46,25190.33,24225.11,25052.79
2023-03-17 00:00:00,25055.12,27787.81,24955.17,27423.93
2023-03-18 00:00:00,27448.12,27725.95,26636.26,26965.88
2023-03-19 00:00:00,26969.5,28440.56,26907.72,28038.67
2023-03-20 00:00:00,28041.6,28527.72,27242.88,27767.24
2023-03-21 00:00:00,27768.39,28439.56,27439.65,28175.82
2023-03-22 00:00:00,28158.72,28803.34,26760.0,27307.44
2023-03-23 00:00:00,27301.96,28729.84,27183.36,28333.97
2023-03-24 00:00:00,28324.11,28388.44,27039.27,27493.29
2023-03-25 00:00:00,27487.34,27791.83,27196.23,27494.71
2023-03-26 00:00:00,27495.52,28178.14,27445.05,27994.33
2023-03-27 00:00:00,27994.07,28037.93,26606.69,27139.89
2023-03-28 00:00:00,27132.89,27460.72,26677.82,27268.13
2023-03-29 00:00:00,27267.03,28619.54,27259.66,28348.44
2023-03-30 00:00:00,28350.14,29159.9,27720.16,28033.56
2023-03-31 00:00:00,28032.26,28639.9,27583.72,28478.48
2023-04-01 00:00:00,28473.33,28802.46,28297.17,28411.03
2023-04-02 00:00:00,28462.84,28518.96,27884.09,28199.31
2023-04-03 00:00:00,28183.08,28475.62,27276.72,27790.22
2023-04-04 00:00:00,27795.27,28433.74,27681.31,28168.09
2023-04-05 00:00:00,28169.73,28739.24,27843.76,28177.98
2023-04-06 00:00:00,28175.23,28178.38,27738.76,28044.14
2023-04-07 00:00:00,28038.97,28111.59,27794.03,27925.86
2023-04-08 00:00:00,27920.51,28159.86,27883.39,27947.79
2023-04-09 00:00:00,27952.37,28532.83,27828.48,28333.05
2023-04-10 00:00:00,28336.03,29771.46,28189.27,29652.98
2023-04-11 00:00:00,29653.68,30509.08,29609.3,30235.06
2023-04-12 00:00:00,30231.58,30462.48,29725.57,30139.05
2023-04-13 00:00:00,29892.74,30539.85,29878.62,30399.07
2023-04-14 00:00:00,30409.56,31005.61,30044.5,30485.7
2023-04-15 00:00:00,30490.75,30601.74,30245.88,30318.5
2023-04-16 00:00:00,30315.98,30555.54,30157.83,30315.36
2023-04-17 00:00:00,30317.15,30319.2,29275.37,29445.04
2023-04-18 00:00:00,29449.09,30470.3,29154.85,30397.55
2023-04-19 00:00:00,30394.19,30411.05,28669.9,28822.68
2023-04-20 00:00:00,28823.68,29076.4,28037.26,28245.99
2023-04-21 00:00:00,28249.23,28349.97,27177.37,27276.91
2023-04-22 00:00:00,27265.9,27872.14,27169.57,27817.5
2023-04-23 00:00:00,27816.14,27820.24,27400.31,27591.38
2023-04-24 00:00:00,27591.73,27979.98,27070.85,27525.34
2023-04-25 00:00:00,27514.87,28371.08,27207.93,28307.6
2023-04-26 00:00:00,28300.06,29995.84,27324.55,28422.7
2023-04-27 00:00:00,28428.46,29871.55,28402.89,29473.79
2023-04-28 00:00:00,29481.01,29572.79,28929.61,29340.26
2023-04-29 00:00:00,29336.57,29452.46,29088.04,29248.49
2023-04-30 00:00:00,29245.52,29952.03,29114.02,29268.81
2023-05-01 00:00:00,29227.1,29329.94,27680.79,28091.57
2023-05-02 00:00:00,28087.17,28881.3,27924.12,28680.54
2023-05-03 00:00:00,28680.49,29259.53,28178.39,29006.31
2023-05-04 00:00:00,29031.3,29353.18,28694.04,28847.71
2023-05-05 00:00:00,28851.48,29668.91,28845.51,29534.38
2023-05-06 00:00:00,29538.86,29820.13,28468.97,28904.62
2023-05-07 00:00:00,28901.62,29157.52,28441.37,28454.98
2023-05-08 00:00:00,28450.46,28663.27,27310.14,27694.27
2023-05-09 00:00:00,27695.07,27821.4,27375.6,27658.77
2023-05-10 00:00:00,27654.64,28322.69,26883.67,27621.76
2023-05-11 00:00:00,27621.09,27621.94,26781.83,27000.79
2023-05-12 00:00:00,26987.66,27055.65,25878.43,26804.99
2023-05-13 00:00:00,26807.77,27030.48,26710.87,26784.08
2023-05-14 00:00:00,26788.97,27150.98,26661.35,26930.64
2023-05-15 00:00:00,26931.38,27646.35,26766.1,27192.69
2023-05-16 00:00:00,27171.51,27299.3,26878.95,27036.65
2023-05-17 00:00:00,27035.47,27465.93,26600.14,27398.8
2023-05-18 00:00:00,27401.65,27466.53,26415.1,26832.21
2023-05-19 00:00:00,26826.75,27128.62,26700.21,26890.13
2023-05-20 00:00:00,26888.84,27155.16,26843.28,27129.59
2023-05-21 00:00:00,27118.42,27265.92,26706.92,26753.83
2023-05-22 00:00:00,26749.89,27045.74,26549.73,26851.28
2023-05-23 00:00:00,26855.96,27434.68,26816.18,27225.73
2023-05-24 00:00:00,27224.6,27224.6,26106.58,26334.82
2023-05-25 00:00:00,26329.46,26591.52,25890.59,26476.21
2023-05-26 00:00:00,26474.18,26916.67,26343.95,26719.29
2023-05-27 00:00:00,26720.18,26888.88,26621.14,26868.35
2023-05-28 00:00:00,26871.16,28193.45,26802.75,28085.65
2023-05-29 00:00:00,28075.59,28432.04,27563.88,27745.88
2023-05-30 00:00:00,27745.12,28044.76,27588.5,27702.35
2023-05-31 00:00:00,27700.53,27831.68,26866.45,27219.66
2023-06-01 00:00:00,27218.41,27346.11,26671.72,26819.97
2023-06-02 00:00:00,26824.56,27303.86,26574.64,27249.59
2023-06-03 00:00:00,27252.32,27317.05,26958.0,27075.13
2023-06-04 00:00:00,27075.12,27407.02,26968.22,27119.07
2023-06-05 00:00:00,27123.11,27129.98,25445.17,25760.1
2023-06-06 00:00:00,25732.11,27313.82,25434.87,27238.78
2023-06-07 00:00:00,27235.65,27332.18,26146.99,26346.0
2023-06-08 00:00:00,26347.65,26797.51,26246.66,26508.22
2023-06-09 00:00:00,26505.92,26770.29,26339.32,26480.38
2023-06-10 00:00:00,26481.76,26531.05,25501.84,25851.24
2023-06-11 00:00:00,25854.03,26203.44,25668.99,25940.17
2023-06-12 00:00:00,25934.29,26087.92,25675.2,25902.5
2023-06-13 00:00:00,25902.94,26376.35,25728.37,25918.73
2023-06-14 00:00:00,25920.26,26041.8,24902.15,25124.68
2023-06-15 00:00:00,25121.67,25735.31,24797.17,25576.39
2023-06-16 00:00:00,25575.28,26463.17,25245.36,26327.46
2023-06-17 00:00:00,26328.68,26769.39,26174.49,26510.68
2023-06-18 00:00:00,26510.46,26675.93,26325.89,26336.21
2023-06-19 00:00:00,26335.44,26984.61,26312.83,26851.03
2023-06-20 00:00:00,26841.66,28388.97,26668.79,28327.49
2023-06-21 00:00:00,28311.31,30737.33,28283.41,30027.3
2023-06-22 00:00:00,29995.94,30496.0,29679.16,29912.28
2023-06-23 00:00:00,29896.38,31389.54,29845.21,30695.47
2023-06-24 00:00:00,30708.74,30804.15,30290.15,30548.69
2023-06-25 00:00:00,30545.15,31041.27,30327.94,30480.26
2023-06-26 00:00:00,30480.52,30636.03,29955.74,30271.13
2023-06-27 00:00:00,30274.32,31006.79,30236.65,30688.16
2023-06-28 00:00:00,30696.56,30703.28,29921.82,30086.25
2023-06-29 00:00:00,30086.19,30796.25,30057.2,30445.35
2023-06-30 00:00:00,30441.35,31256.86,29600.28,30477.25
2023-07-01 00:00:00,30471.85,30641.29,30328.86,30590.08
2023-07-02 00:00:00,30587.27,30766.14,30264.02,30620.77
2023-07-03 00:00:00,30624.52,31375.61,30586.51,31156.44
2023-07-04 00:00:00,31156.86,31325.2,30659.36,30777.58
2023-07-05 00:00:00,30778.73,30877.33,30225.61,30514.17
2023-07-06 00:00:00,30507.15,31460.05,29892.23,29909.34
2023-07-07 00:00:00,29908.0,30434.64,29777.28,30342.26
2023-07-08 00:00:00,30346.92,30374.44,30080.16,30292.54
2023-07-09 00:00:00,30291.61,30427.59,30085.59,30171.23
2023-07-10 00:00:00,30172.42,31026.08,29985.39,30414.47
2023-07-11 00:00:00,30417.63,30788.31,30358.1,30620.95
2023-07-12 00:00:00,30622.25,30959.97,30228.84,30391.65
2023-07-13 00:00:00,30387.49,31814.51,30268.35,31476.05
2023-07-14 00:00:00,31474.72,31582.25,29966.39,30334.07
2023-07-15 00:00:00,30331.78,30407.78,30263.46,30295.81
2023-07-16 00:00:00,30297.47,30437.56,30089.67,30249.13
2023-07-17 00:00:00,30249.63,30336.4,29685.78,30145.89
2023-07-18 00:00:00,30147.07,30233.66,29556.43,29856.56
2023-07-19 00:00:00,29862.05,30184.18,29794.27,29913.92
2023-07-20 00:00:00,29915.25,30195.53,29638.1,29792.02
2023-07-21 00:00:00,29805.11,30046.0,29733.85,29908.74
2023-07-22 00:00:00,29908.7,29991.62,29664.12,29771.8
2023-07-23 00:00:00,29790.11,30330.64,29741.53,30084.54
2023-07-24 00:00:00,30081.66,30093.39,28934.29,29176.92
2023-07-25 00:00:00,29178.97,29353.16,29062.43,29227.39
2023-07-26 00:00:00,29225.76,29675.55,29113.91,29354.97
2023-07-27 00:00:00,29353.8,29560.97,29099.35,29210.69
2023-07-28 00:00:00,29212.16,29521.51,29125.85,29319.25
2023-07-29 00:00:00,29319.45,29396.84,29264.17,29356.92
2023-07-30 00:00:00,29357.09,29443.17,29059.5,29275.31
2023-07-31 00:00:00,29278.31,29489.87,29131.58,29230.11
2023-08-01 00:00:00,29230.87,29675.73,28657.02,29675.73
2023-08-02 00:00:00,29704.15,29988.0,28946.51,29151.96
2023-08-03 00:00:00,29161.81,29375.71,28959.49,29178.68
2023-08-04 00:00:00,29174.38,29302.08,28885.34,29074.09
2023-08-05 00:00:00,29075.39,29102.47,28957.8,29042.13
2023-08-06 00:00:00,29043.7,29160.82,28963.83,29041.86
2023-08-07 00:00:00,29038.51,29244.28,28724.14,29180.58
2023-08-08 00:00:00,29180.02,30176.8,29113.81,29765.49
2023-08-09 00:00:00,29766.7,30093.44,29376.8,29561.49
2023-08-10 00:00:00,29563.97,29688.56,29354.45,29429.59
2023-08-11 00:00:00,29424.9,29517.77,29253.52,29397.72
2023-08-12 00:00:00,29399.79,29465.11,29357.59,29415.96
2023-08-13 00:00:00,29416.59,29441.43,29265.81,29282.91
2023-08-14 00:00:00,29283.26,29660.25,29124.11,29408.44
2023-08-15 00:00:00,29408.05,29439.12,29088.85,29170.35
2023-08-16 00:00:00,29169.07,29221.98,28701.78,28701.78
2023-08-17 00:00:00,28699.8,28745.95,25409.11,26664.55
2023-08-18 00:00:00,26636.08,26808.2,25668.92,26049.56
2023-08-19 00:00:00,26047.83,26249.45,25802.41,26096.2
2023-08-20 00:00:00,26096.86,26260.68,26004.32,26189.58
2023-08-21 00:00:00,26188.69,26220.2,25846.09,26124.14
2023-08-22 00:00:00,26130.75,26135.51,25520.73,26031.66
2023-08-23 00:00:00,26040.47,26786.9,25805.0,26431.64
2023-08-24 00:00:00,26431.52,26554.91,25914.93,26162.37
2023-08-25 00:00:00,26163.68,26248.1,25786.81,26047.67
2023-08-26 00:00:00,26047.24,26107.38,25983.88,26008.46
2023-08-27 00:00:00,26008.24,26165.37,25965.1,26089.69
2023-08-28 00:00:00,26089.61,26198.58,25880.6,26106.15
2023-08-29 00:00:00,26102.49,28089.34,25912.63,27727.39
2023-08-30 00:00:00,27726.08,27760.16,27069.21,27297.27
2023-08-31 00:00:00,27301.93,27456.08,25752.93,25931.47
2023-09-01 00:00:00,25934.02,26125.87,25362.61,25800.72
2023-09-02 00:00:00,25800.91,25970.28,25753.09,25868.8
2023-09-03 00:00:00,25869.47,26087.15,25817.03,25969.57
2023-09-04 00:00:00,25968.17,26081.52,25657.03,25812.42
2023-09-05 00:00:00,25814.96,25858.37,25589.99,25779.98
2023-09-06 00:00:00,25783.93,25953.02,25404.36,25753.24
2023-09-07 00:00:00,25748.31,26409.3,25608.2,26240.19
2023-09-08 00:00:00,26245.21,26414.01,25677.48,25905.65
2023-09-09 00:00:00,25905.42,25921.98,25810.5,25895.68
2023-09-10 00:00:00,25895.21,25978.13,25640.26,25832.23
2023-09-11 00:00:00,25831.72,25883.95,24930.3,25162.66
2023-09-12 00:00:00,25160.66,26451.94,25133.08,25833.34
2023-09-13 00:00:00,25837.55,26376.11,25781.12,26228.32
2023-09-14 00:00:00,26228.28,26774.62,26171.45,26539.67
2023-09-15 00:00:00,26533.82,26840.5,26240.7,26608.69
2023-09-16 00:00:00,26606.2,26754.77,26473.89,26568.28
2023-09-17 00:00:00,26567.93,26618.0,26445.08,26534.19
2023-09-18 00:00:00,26532.99,27414.73,26415.52,26754.28
2023-09-19 00:00:00,26760.85,27488.76,26681.61,27211.12
2023-09-20 00:00:00,27210.23,27379.51,26864.08,27132.01
2023-09-21 00:00:00,27129.84,27152.94,26389.3,26567.63
2023-09-22 00:00:00,26564.06,26726.08,26495.53,26579.57
2023-09-23 00:00:00,26578.56,26634.19,26520.52,26579.39
2023-09-24 00:00:00,26579.37,26716.06,26221.05,26256.83
2023-09-25 00:00:00,26253.78,26421.51,26011.47,26298.48
2023-09-26 00:00:00,26294.76,26389.88,26090.71,26217.25
2023-09-27 00:00:00,26209.5,26817.84,26111.46,26352.72
2023-09-28 00:00:00,26355.81,27259.5,26327.32,27021.55
2023-09-29 00:00:00,27024.84,27225.94,26721.76,26911.72
2023-09-30 00:00:00,26911.69,27091.8,26888.97,26967.92
2023-10-01 00:00:00,26967.4,28047.24,26965.09,27983.75
2023-10-02 00:00:00,27976.8,28494.46,27347.79,27530.78
2023-10-03 00:00:00,27508.25,27667.19,27216.0,27429.98
2023-10-04 00:00:00,27429.07,27826.66,27248.11,27799.39
2023-10-05 00:00:00,27798.65,28091.86,27375.6,27415.91
2023-10-06 00:00:00,27412.12,28252.54,27215.55,27946.6
2023-10-07 00:00:00,27946.78,28028.09,27870.42,27968.84
2023-10-08 00:00:00,27971.68,28102.17,27740.66,27935.09
2023-10-09 00:00:00,27934.47,27989.47,27302.56,27583.68
2023-10-10 00:00:00,27589.2,27715.85,27301.66,27391.02
2023-10-11 00:00:00,27392.08,27474.12,26561.1,26873.32
2023-10-12 00:00:00,26873.29,26921.44,26558.32,26756.8
2023-10-13 00:00:00,26752.88,27092.7,26686.32,26862.38
2023-10-14 00:00:00,26866.2,26969.0,26814.59,26861.71
2023-10-15 00:00:00,26858.01,27289.17,26817.89,27159.65
2023-10-16 00:00:00,27162.63,29448.14,27130.47,28519.47
2023-10-17 00:00:00,28522.1,28618.75,28110.19,28415.75
2023-10-18 00:00:00,28413.53,28889.01,28174.25,28328.34
2023-10-19 00:00:00,28332.42,28892.47,28177.99,28719.81
2023-10-20 00:00:00,28732.81,30104.09,28601.67,29682.95
2023-10-21 00:00:00,29683.38,30287.48,29481.75,29918.41
2023-10-22 00:00:00,29918.66,30199.43,29720.31,29993.9
2023-10-23 00:00:00,30140.68,34370.44,30097.83,33086.23
2023-10-24 00:00:00,33077.3,35150.43,32880.76,33901.53
2023-10-25 00:00:00,33916.04,35133.76,33709.11,34502.82
2023-10-26 00:00:00,34504.29,34832.91,33762.32,34156.65
2023-10-27 00:00:00,34156.5,34238.21,33416.89,33909.8
2023-10-28 00:00:00,33907.72,34399.39,33874.8,34089.58
2023-10-29 00:00:00,34089.37,34743.26,33947.57,34538.48
2023-10-30 00:00:00,34531.74,34843.94,34110.97,34502.36
2023-10-31 00:00:00,34500.08,34719.25,34083.31,34667.78
2023-11-01 00:00:00,34657.28,35527.93,34170.69,35437.25
2023-11-02 00:00:00,35441.58,35919.84,34401.57,34938.24
2023-11-03 00:00:00,34942.47,34942.47,34133.44,34732.33
2023-11-04 00:00:00,34736.32,35256.03,34616.69,35082.2
2023-11-05 00:00:00,35090.01,35340.34,34594.24,35049.36
2023-11-06 00:00:00,35044.79,35286.03,34765.36,35037.37
2023-11-07 00:00:00,35047.79,35892.42,34545.82,35443.56
2023-11-08 00:00:00,35419.48,35994.42,35147.8,35655.28
2023-11-09 00:00:00,35633.63,37926.26,35592.1,36693.12
2023-11-10 00:00:00,36702.25,37493.8,36362.76,37313.97
2023-11-11 00:00:00,37310.07,37407.09,36773.67,37138.05
2023-11-12 00:00:00,37133.99,37227.69,36779.12,37054.52
2023-11-13 00:00:00,37070.31,37405.12,36399.61,36502.36
2023-11-14 00:00:00,36491.79,36753.35,34948.5,35537.64
2023-11-15 00:00:00,35548.11,37964.89,35383.78,37880.58
2023-11-16 00:00:00,37879.98,37934.63,35545.47,36154.77
2023-11-17 00:00:00,36164.82,36704.48,35901.24,36596.68
2023-11-18 00:00:00,36625.37,36839.28,36233.31,36585.7
2023-11-19 00:00:00,36585.77,37509.36,36414.6,37386.55
2023-11-20 00:00:00,37374.07,37756.82,36882.53,37476.96
2023-11-21 00:00:00,37469.16,37631.14,35813.81,35813.81
2023-11-22 00:00:00,35756.55,37856.98,35670.97,37432.34
2023-11-23 00:00:00,37420.43,37643.92,36923.86,37289.62
2023-11-24 00:00:00,37296.32,38415.34,37261.61,37720.28
2023-11-25 00:00:00,37721.41,37892.43,37617.42,37796.79
2023-11-26 00:00:00,37796.83,37820.3,37162.75,37479.12
2023-11-27 00:00:00,37454.19,37559.35,36750.13,37254.17
2023-11-28 00:00:00,37247.99,38368.48,36891.09,37831.09
2023-11-29 00:00:00,37826.11,38366.11,37612.63,37858.49
2023-11-30 00:00:00,37861.12,38141.75,37531.14,37712.75
2023-12-01 00:00:00,37718.01,38954.11,37629.36,38688.75
2023-12-02 00:00:00,38689.28,39678.94,38652.6,39476.33
2023-12-03 00:00:00,39472.21,40135.6,39298.17,39978.39
2023-12-04 00:00:00,39978.63,42371.75,39978.63,41980.1
2023-12-05 00:00:00,41986.26,44408.67,41421.15,44080.65
2023-12-06 00:00:00,44080.02,44265.77,43478.08,43746.45
2023-12-07 00:00:00,43769.13,44042.59,42880.65,43292.66
2023-12-08 00:00:00,43293.13,44705.52,43125.3,44166.6
2023-12-09 00:00:00,44180.02,44361.26,43627.6,43725.99
2023-12-10 00:00:00,43728.38,44034.62,43593.28,43779.7
2023-12-11 00:00:00,43792.02,43808.37,40234.58,41243.83
2023-12-12 00:00:00,41238.73,42048.3,40667.56,41450.22
2023-12-13 00:00:00,41468.47,43429.78,40676.87,42890.74
2023-12-14 00:00:00,42884.26,43390.86,41767.09,43023.97
2023-12-15 00:00:00,43028.25,43087.82,41692.97,41929.76
2023-12-16 00:00:00,41937.74,42664.95,41723.11,42240.12
2023-12-17 00:00:00,42236.11,42359.5,41274.54,41364.67
2023-12-18 00:00:00,41348.2,42720.3,40530.26,42623.54
2023-12-19 00:00:00,42641.51,43354.3,41826.34,42270.53
2023-12-20 00:00:00,42261.3,44275.59,42223.82,43652.25
2023-12-21 00:00:00,43648.12,44240.67,43330.05,43869.15
2023-12-22 00:00:00,43868.99,44367.96,43441.97,43997.9
2023-12-23 00:00:00,44012.2,44015.7,43351.36,43739.54
2023-12-24 00:00:00,43728.37,43945.52,42786.92,43016.12
2023-12-25 00:00:00,43010.57,43765.09,42765.77,43613.14
2023-12-26 00:00:00,43599.85,43603.18,41676.49,42520.4
2023-12-27 00:00:00,42518.47,43683.16,42167.58,43442.85
2023-12-28 00:00:00,43468.2,43804.78,42318.55,42627.85
2023-12-29 00:00:00,42614.64,43124.33,41424.06,42099.4
2023-12-30 00:00:00,42091.75,42584.12,41556.23,42156.9
2023-12-31 00:00:00,42152.1,42860.94,41998.26,42265.19
2024-01-01 00:00:00,42280.24,44175.44,42214.98,44167.33
2024-01-02 00:00:00,44187.14,45899.71,44176.95,44957.97
2024-01-03 00:00:00,44961.6,45503.24,40813.53,42848.18
2024-01-04 00:00:00,42855.81,44770.02,42675.17,44179.92
2024-01-05 00:00:00,44192.98,44353.29,42784.72,44162.69
2024-01-06 00:00:00,44178.95,44227.63,43475.16,43989.19
2024-01-07 00:00:00,43998.46,44495.57,43662.23,43943.1
2024-01-08 00:00:00,43948.71,47218.0,43244.08,46970.5
2024-01-09 00:00:00,46987.64,47893.7,45244.72,46139.73
2024-01-10 00:00:00,46121.54,47647.22,44483.15,46627.78
2024-01-11 00:00:00,46656.07,48969.37,45678.65,46368.59
2024-01-12 00:00:00,46354.79,46498.13,41903.77,42853.17
2024-01-13 00:00:00,42799.45,43234.66,42464.14,42842.38
2024-01-14 00:00:00,42842.26,43065.6,41724.61,41796.27
2024-01-15 00:00:00,41715.07,43319.72,41705.42,42511.97
2024-01-16 00:00:00,42499.34,43566.27,42086.0,43154.94
2024-01-17 00:00:00,43132.1,43189.89,42189.31,42742.65
2024-01-18 00:00:00,42742.31,42876.35,40631.17,41262.06
2024-01-19 00:00:00,41278.46,42134.16,40297.46,41618.41
2024-01-20 00:00:00,41624.59,41877.89,41446.82,41665.58
2024-01-21 00:00:00,41671.49,41855.37,41497.01,41545.78
2024-01-22 00:00:00,41553.65,41651.21,39450.12,39507.37
2024-01-23 00:00:00,39518.72,40127.35,38521.89,39845.55
2024-01-24 00:00:00,39877.6,40483.78,39508.8,40077.07
2024-01-25 00:00:00,40075.55,40254.48,39545.66,39933.81
2024-01-26 00:00:00,39936.82,42209.39,39825.69,41816.87
2024-01-27 00:00:00,41815.63,42195.63,41431.28,42120.06
2024-01-28 00:00:00,42126.13,42797.18,41696.91,42035.59
2024-01-29 00:00:00,42030.92,43305.87,41818.33,43288.25
2024-01-30 00:00:00,43300.23,43838.95,42711.37,42952.61
2024-01-31 00:00:00,42946.25,43717.4,42298.95,42582.61
2024-02-01 00:00:00,42569.76,43243.17,41879.19,43075.77
2024-02-02 00:00:00,43077.64,43422.49,42584.34,43185.86
2024-02-03 00:00:00,43184.96,43359.94,42890.81,42992.25
2024-02-04 00:00:00,42994.94,43097.64,42374.83,42583.58
2024-02-05 00:00:00,42577.62,43494.25,42264.82,42658.67
2024-02-06 00:00:00,42657.39,43344.15,42529.02,43084.67
2024-02-07 00:00:00,43090.02,44341.95,42775.96,44318.22
2024-02-08 00:00:00,44332.13,45575.84,44332.13,45301.57
2024-02-09 00:00:00,45297.38,48152.49,45260.82,47147.2
2024-02-10 00:00:00,47153.53,48146.17,46905.32,47771.28
2024-02-11 00:00:00,47768.97,48535.94,47617.41,48293.92
2024-02-12 00:00:00,48296.39,50280.48,47745.76,49958.22
2024-02-13 00:00:00,49941.36,50358.39,48406.5,49742.44
2024-02-14 00:00:00,49733.44,52021.37,49296.83,51826.7
2024-02-15 00:00:00,51836.78,52820.07,51371.63,51938.56
2024-02-16 00:00:00,51937.73,52537.97,51641.37,52160.2
2024-02-17 00:00:00,52161.68,52191.91,50669.67,51663.0
2024-02-18 00:00:00,51661.97,52356.96,51233.71,52122.55
2024-02-19 00:00:00,52134.81,52483.33,51711.82,51779.14
2024-02-20 00:00:00,51777.73,52945.05,50792.31,52284.87
2024-02-21 00:00:00,52273.54,52368.82,50671.76,51839.18
2024-02-22 00:00:00,51854.65,52009.61,50926.29,51304.97
2024-02-23 00:00:00,51283.9,51497.93,50561.78,50731.95
2024-02-24 00:00:00,50736.37,51684.19,50585.45,51571.1
2024-02-25 00:00:00,51565.22,51950.03,51306.17,51733.24
2024-02-26 00:00:00,51730.54,54938.17,50931.03,54522.4
2024-02-27 00:00:00,54519.36,57537.84,54484.2,57085.37
2024-02-28 00:00:00,57071.1,63913.13,56738.42,62504.79
2024-02-29 00:00:00,62499.18,63585.64,60498.73,61198.38
2024-03-01 00:00:00,61168.06,63155.1,60802.53,62440.63
2024-03-02 00:00:00,62431.65,62458.7,61657.29,62029.85
2024-03-03 00:00:00,62031.58,63230.21,61435.02,63167.37
2024-03-04 00:00:00,63137.0,68537.03,62386.52,68330.42
2024-03-05 00:00:00,68341.06,69170.63,59323.91,63801.2
2024-03-06 00:00:00,63776.05,67637.93,62848.67,66106.8
2024-03-07 00:00:00,66099.74,68029.92,65655.53,66925.48
2024-03-08 00:00:00,66938.09,70083.05,66230.45,68300.1
2024-03-09 00:00:00,68299.26,68673.06,68053.13,68498.88
2024-03-10 00:00:00,68500.26,70005.2,68239.98,69019.79
2024-03-11 00:00:00,69020.55,72850.71,67194.89,72123.9
2024-03-12 00:00:00,72125.12,72825.66,68728.85,71481.29
2024-03-13 00:00:00,71482.12,73637.47,71334.09,73083.5
2024-03-14 00:00:00,73079.37,73750.07,68563.02,71396.59
2024-03-15 00:00:00,71387.87,72357.13,65630.69,69403.77
2024-03-16 00:00:00,69392.49,70046.27,64801.4,65315.12
2024-03-17 00:00:00,65316.34,68845.72,64545.32,68390.62
2024-03-18 00:00:00,68371.31,68897.13,66594.23,67548.59
2024-03-19 00:00:00,67556.13,68106.93,61536.18,61912.77
2024-03-20 00:00:00,61930.15,68115.26,60807.79,67913.67
2024-03-21 00:00:00,67911.58,68199.99,64580.92,65491.39
2024-03-22 00:00:00,65489.93,66623.75,62355.37,63778.76
2024-03-23 00:00:00,63802.72,65976.4,63038.49,64062.2
2024-03-24 00:00:00,64070.75,67622.76,63825.85,67234.17
2024-03-25 00:00:00,67234.1,71162.59,66414.83,69958.81
2024-03-26 00:00:00,69931.33,71535.74,69335.61,69987.84
2024-03-27 00:00:00,69991.9,71727.68,68381.93,69455.34
2024-03-28 00:00:00,69452.77,71546.02,68895.51,70744.95
2024-03-29 00:00:00,70744.8,70913.1,69076.65,69892.83
2024-03-30 00:00:00,69893.44,70355.49,69601.07,69645.31
2024-03-31 00:00:00,69647.78,71377.78,69624.87,71333.65
2024-04-01 00:00:00,71333.48,71342.09,68110.7,69702.15
2024-04-02 00:00:00,69705.02,69708.38,64586.59,65446.97
2024-04-03 00:00:00,65446.67,66914.32,64559.9,65980.81
2024-04-04 00:00:00,65975.7,69291.25,65113.8,68508.84
2024-04-05 00:00:00,68515.75,68725.76,66011.48,67837.64
2024-04-06 00:00:00,67840.57,69629.6,67491.72,68896.11
2024-04-07 00:00:00,68897.11,70284.43,68851.63,69362.55
2024-04-08 00:00:00,69362.55,72715.36,69064.24,71631.36
2024-04-09 00:00:00,71632.5,71742.51,68212.92,69139.02
2024-04-10 00:00:00,69140.24,71093.43,67503.57,70587.88
2024-04-11 00:00:00,70575.73,71256.24,69571.81,70060.61
2024-04-12 00:00:00,70061.38,71222.74,65254.83,67195.86
2024-04-13 00:00:00,67188.38,67931.43,60919.11,63821.47
2024-04-14 00:00:00,63836.23,65824.43,62205.85,65738.72
2024-04-15 00:00:00,65739.64,66878.65,62332.07,63426.21
2024-04-16 00:00:00,63419.3,64355.67,61716.4,63811.86
2024-04-17 00:00:00,63831.85,64486.36,59768.59,61276.69
2024-04-18 00:00:00,61275.32,64125.69,60833.48,63512.75
2024-04-19 00:00:00,63510.75,65481.6,59651.39,63843.57
2024-04-20 00:00:00,63851.1,65442.46,63172.4,64994.44
2024-04-21 00:00:00,64992.82,65723.24,64277.72,64926.64
2024-04-22 00:00:00,64935.63,67233.96,64548.18,66837.68
2024-04-23 00:00:00,66839.89,67199.24,65864.87,66407.27
2024-04-24 00:00:00,66408.72,67075.37,63589.87,64276.9
2024-04-25 00:00:00,64275.02,65275.21,62783.63,64481.71
2024-04-26 00:00:00,64485.37,64789.66,63322.4,63755.32
2024-04-27 00:00:00,63750.99,63898.36,62424.72,63419.14
2024-04-28 00:00:00,63423.51,64321.48,62793.6,63113.23
2024-04-29 00:00:00,63106.36,64174.88,61795.46,63841.12
2024-04-30 00:00:00,63839.42,64703.33,59120.07,60636.86
2024-05-01 00:00:00,60609.5,60780.5,56555.29,58254.01
2024-05-02 00:00:00,58253.7,59602.3,56937.2,59123.43
2024-05-03 00:00:00,59122.3,63320.5,58848.31,62889.84
2024-05-04 00:00:00,62891.03,64494.96,62599.35,63891.47
2024-05-05 00:00:00,63892.45,64610.89,62955.31,64031.13
2024-05-06 00:00:00,64038.31,65494.9,62746.24,63161.95
2024-05-07 00:00:00,63162.76,64390.46,62285.98,62334.82
2024-05-08 00:00:00,62332.64,62986.08,60877.13,61187.94
2024-05-09 00:00:00,61191.2,63404.92,60648.08,63049.96
2024-05-10 00:00:00,63055.19,63446.74,60208.78,60792.78
2024-05-11 00:00:00,60793.36,61451.15,60492.63,60793.71
2024-05-12 00:00:00,60793.5,61818.15,60632.6,61448.39
2024-05-13 00:00:00,61451.22,63422.66,60769.84,62901.45
2024-05-14 00:00:00,62900.77,63092.13,61123.77,61552.79
2024-05-15 00:00:00,61553.99,66454.45,61330.41,66267.49
2024-05-16 00:00:00,66256.11,66712.43,64613.06,65231.58
2024-05-17 00:00:00,65231.3,67459.46,65119.31,67051.87
2024-05-18 00:00:00,67066.21,67387.33,66663.5,66940.8
2024-05-19 00:00:00,66937.93,67694.3,65937.18,66278.37
2024-05-20 00:00:00,66278.74,71483.57,66086.17,71448.2
2024-05-21 00:00:00,71443.06,71946.46,69191.12,70136.53
2024-05-22 00:00:00,70135.32,70623.69,68977.69,69122.34
2024-05-23 00:00:00,69121.3,70041.27,66356.95,67929.56
2024-05-24 00:00:00,67928.13,69220.29,66622.67,68526.1
2024-05-25 00:00:00,68526.92,69579.32,68515.82,69265.94
2024-05-26 00:00:00,69264.29,69506.23,68183.89,68518.09
2024-05-27 00:00:00,68512.18,70597.88,68232.5,69394.55
2024-05-28 00:00:00,69392.2,69514.64,67227.15,68296.22
2024-05-29 00:00:00,68296.35,68852.46,67101.49,67578.09
2024-05-30 00:00:00,67576.09,69500.54,67118.08,68364.99
2024-05-31 00:00:00,68362.52,68999.57,66633.42,67489.61
2024-06-01 00:00:00,67475.43,67839.77,67386.2,67706.94
2024-06-02 00:00:00,67710.27,68409.17,67315.53,67751.6
2024-06-03 00:00:00,67753.9,70230.82,66252.03,68804.78
2024-06-04 00:00:00,68804.57,71047.41,68564.64,70567.77
2024-06-05 00:00:00,70568.35,71735.41,70390.71,71082.82
2024-06-06 00:00:00,71082.84,71625.74,70119.12,70757.17
2024-06-07 00:00:00,70759.18,71907.85,68507.26,69342.59
2024-06-08 00:00:00,69324.18,69533.32,69210.74,69305.77
2024-06-09 00:00:00,69297.49,69817.52,69160.84,69647.99
2024-06-10 00:00:00,69644.31,70146.07,69232.43,69512.28
2024-06-11 00:00:00,69508.08,69549.42,66123.6,67332.03
2024-06-12 00:00:00,67321.37,69977.89,66902.46,68241.18
2024-06-13 00:00:00,68243.1,68365.78,66304.57,66756.4
2024-06-14 00:00:00,66747.57,67294.65,65056.89,66011.09
2024-06-15 00:00:00,66006.74,66402.19,65871.78,66191.0
2024-06-16 00:00:00,66189.36,66894.84,66018.25,66639.05
2024-06-17 00:00:00,66636.52,67188.32,65094.96,66490.29
2024-06-18 00:00:00,66490.98,66556.7,64066.96,65140.74
2024-06-19 00:00:00,65146.66,65695.35,64693.3,64960.3
2024-06-20 00:00:00,64960.3,66438.96,64547.85,64828.66
2024-06-21 00:00:00,64837.99,65007.55,62785.53,64096.2
2024-06-22 00:00:00,64113.86,64760.36,63960.03,64252.58
2024-06-23 00:00:00,64248.96,64491.7,63180.8,63180.8
2024-06-24 00:00:00,63173.35,63292.53,58601.7,60277.41
2024-06-25 00:00:00,60266.28,62258.26,60239.75,61804.64
2024-06-26 00:00:00,61789.68,62434.14,60695.19,60811.28
2024-06-27 00:00:00,60811.23,62293.86,60585.33,61604.8
2024-06-28 00:00:00,61612.81,62126.1,59985.4,60320.14
2024-06-29 00:00:00,60319.87,61097.62,60300.97,60887.38
2024-06-30 00:00:00,60888.45,62892.83,60632.95,62678.29
2024-07-01 00:00:00,62673.61,63777.23,62495.51,62851.98
2024-07-02 00:00:00,62844.41,63203.36,61752.75,62029.02
2024-07-03 00:00:00,62034.33,62187.7,59419.39,60173.92
2024-07-04 00:00:00,60147.14,60399.67,56777.8,56977.7
2024-07-05 00:00:00,57022.81,57497.15,53717.38,56662.37
2024-07-06 00:00:00,56659.08,58472.55,56038.96,58303.54
2024-07-07 00:00:00,58239.43,58371.12,55793.33,55849.11
2024-07-08 00:00:00,55849.57,58131.34,54321.02,56705.1
2024-07-09 00:00:00,56704.6,58239.2,56316.88,58009.23
2024-07-10 00:00:00,58033.88,59359.43,57178.41,57742.49
2024-07-11 00:00:00,57729.89,59299.43,57120.38,57344.91
2024-07-12 00:00:00,57341.19,58532.55,56590.17,57899.47
2024-07-13 00:00:00,57908.74,59787.08,57796.44,59231.95
2024-07-14 00:00:00,59225.25,61329.53,59225.25,60787.79
2024-07-15 00:00:00,60815.46,64870.15,60704.93,64870.15
2024-07-16 00:00:00,64784.42,65354.34,62487.97,65097.15
2024-07-17 00:00:00,65091.83,66066.73,63896.09,64118.79
2024-07-18 00:00:00,64104.74,65104.66,63246.16,63974.07
2024-07-19 00:00:00,63972.33,67442.64,63329.34,66710.15
2024-07-20 00:00:00,66709.93,67610.73,66299.62,67163.64
2024-07-21 00:00:00,67164.91,68372.91,65842.3,68154.52
2024-07-22 00:00:00,68152.98,68480.06,66611.3,67585.25
2024-07-23 00:00:00,67584.8,67779.02,65484.46,65927.67
2024-07-24 00:00:00,65927.86,67113.98,65146.99,65372.13
2024-07-25 00:00:00,65375.87,66112.42,63473.47,65777.22
2024-07-26 00:00:00,65771.81,68207.6,65743.77,67912.06
2024-07-27 00:00:00,67911.81,69398.51,66705.22,67813.34
2024-07-28 00:00:00,67808.66,68301.85,67085.83,68255.87
2024-07-29 00:00:00,68259.05,69987.54,66532.59,66819.92
2024-07-30 00:00:00,66819.05,66987.67,65323.19,66201.02
2024-07-31 00:00:00,66201.27,66810.21,64532.05,64619.25
2024-08-01 00:00:00,64625.84,65593.24,62248.94,65357.5
2024-08-02 00:00:00,65353.5,65523.22,61184.89,61415.06
2024-08-03 00:00:00,61414.81,62148.37,59836.53,60680.09
2024-08-04 00:00:00,60676.09,61062.99,57210.8,58116.98
2024-08-05 00:00:00,58110.3,58268.83,49121.24,53991.46
2024-08-06 00:00:00,53991.35,57059.92,53973.27,56034.32
2024-08-07 00:00:00,56040.63,57726.88,54620.51,55027.46
2024-08-08 00:00:00,55030.03,62673.76,54766.73,61710.14
2024-08-09 00:00:00,61728.21,61751.86,59587.86,60880.11
2024-08-10 00:00:00,60881.23,61464.51,60287.57,60945.81
2024-08-11 00:00:00,60944.89,61778.66,58348.82,58719.48
2024-08-12 00:00:00,58719.4,60680.33,57688.9,59354.51
2024-08-13 00:00:00,59356.21,61572.4,58506.25,60609.57
2024-08-14 00:00:00,60611.05,61687.76,58472.87,58737.27
2024-08-15 00:00:00,58733.26,59838.65,56161.59,57560.1
2024-08-16 00:00:00,57560.27,59847.36,57110.02,58894.1
2024-08-17 00:00:00,58893.53,59694.67,58814.83,59478.97
2024-08-18 00:00:00,59468.13,60262.72,58445.4,58483.96
2024-08-19 00:00:00,58480.71,59612.66,57864.71,59493.45
2024-08-20 00:00:00,59493.45,61396.33,58610.88,59012.79
2024-08-21 00:00:00,59014.99,61834.35,58823.44,61175.19
2024-08-22 00:00:00,61168.32,61408.11,59815.25,60381.91
2024-08-23 00:00:00,60380.95,64947.06,60372.05,64094.36
2024-08-24 00:00:00,64103.87,64513.79,63619.92,64178.99
2024-08-25 00:00:00,64176.37,64996.42,63833.52,64333.54
2024-08-26 00:00:00,64342.23,64489.71,62849.56,62880.66
2024-08-27 00:00:00,62879.71,63207.6,58116.75,59504.13
2024-08-28 00:00:00,59507.92,60236.45,57890.68,59027.63
2024-08-29 00:00:00,59027.47,61184.08,58786.23,59388.18
2024-08-30 00:00:00,59388.6,59896.89,57768.53,59119.47
2024-08-31 00:00:00,59117.48,59432.59,58768.78,58969.9
2024-09-01 00:00:00,58969.8,59062.07,57217.82,57325.49
2024-09-02 00:00:00,57326.97,59403.07,57136.03,59112.48
2024-09-03 00:00:00,59106.19,59815.06,57425.17,57431.02
2024-09-04 00:00:00,57430.35,58511.57,55673.16,57971.54
2024-09-05 00:00:00,57971.7,58300.58,55712.45,56160.49
2024-09-06 00:00:00,56160.19,56976.11,52598.7,53948.75
2024-09-07 00:00:00,53949.09,54838.15,53740.07,54139.69
2024-09-08 00:00:00,54147.93,55300.86,53653.76,54841.57
2024-09-09 00:00:00,54851.89,58041.12,54598.43,57019.53
2024-09-10 00:00:00,57020.1,58029.98,56419.41,57648.71
2024-09-11 00:00:00,57650.29,57991.32,55567.34,57343.17
2024-09-12 00:00:00,57343.17,58534.36,57330.1,58127.01
2024-09-13 00:00:00,58130.32,60648.02,57650.11,60571.3
2024-09-14 00:00:00,60569.12,60656.72,59517.88,60005.12
2024-09-15 00:00:00,60000.73,60381.92,58696.31,59182.84
2024-09-16 00:00:00,59185.23,59205.51,57501.34,58192.51
2024-09-17 00:00:00,58192.51,61316.09,57628.07,60308.54
2024-09-18 00:00:00,60309.0,61664.07,59218.25,61649.68
2024-09-19 00:00:00,61651.16,63872.44,61609.87,62940.46
2024-09-20 00:00:00,62941.43,64119.53,62364.61,63192.98
2024-09-21 00:00:00,63184.34,63543.36,62783.11,63394.84
2024-09-22 00:00:00,63396.8,63993.42,62440.73,63648.71
2024-09-23 00:00:00,63643.1,64733.56,62628.08,63329.8
2024-09-24 00:00:00,63326.84,64695.22,62737.42,64301.97
2024-09-25 00:00:00,64302.59,64804.5,62945.38,63143.15
2024-09-26 00:00:00,63138.55,65790.8,62669.27,65181.02
2024-09-27 00:00:00,65180.67,66480.69,64852.99,65790.66
2024-09-28 00:00:00,65792.18,66255.53,65458.03,65887.65
2024-09-29 00:00:00,65888.9,66069.35,65450.01,65635.31
2024-09-30 00:00:00,65634.66,65635.05,62873.62,63329.5
2024-10-01 00:00:00,63335.6,64110.98,60189.28,60837.01
2024-10-02 00:00:00,60836.32,62357.69,59996.95,60632.79
2024-10-03 00:00:00,60632.49,61469.04,59878.8,60759.4
2024-10-04 00:00:00,60754.63,62465.99,60459.94,62067.48
2024-10-05 00:00:00,62067.61,62371.02,61689.58,62089.95
2024-10-06 00:00:00,62084.99,62959.57,61833.15,62818.95
2024-10-07 00:00:00,62819.11,64443.71,62152.55,62236.66
2024-10-08 00:00:00,62221.65,63174.31,61843.56,62131.97
2024-10-09 00:00:00,62131.73,62508.84,60314.61,60582.1
2024-10-10 00:00:00,60581.93,61236.72,58895.21,60274.5
2024-10-11 00:00:00,60275.46,63400.87,60046.13,62445.09
2024-10-12 00:00:00,62444.62,63448.78,62443.27,63193.02
2024-10-13 00:00:00,63192.94,63272.65,62035.64,62851.37
2024-10-14 00:00:00,62848.4,66482.49,62442.15,66046.13
2024-10-15 00:00:00,66050.37,67881.68,64809.2,67041.11
2024-10-16 00:00:00,67042.46,68375.29,66758.73,67612.72
2024-10-17 00:00:00,67617.08,67912.21,66647.39,67399.83
2024-10-18 00:00:00,67419.11,68969.75,67177.82,68418.79
2024-10-19 00:00:00,68418.98,68668.01,68024.64,68362.73
2024-10-20 00:00:00,68364.18,69359.01,68105.72,69001.71
2024-10-21 00:00:00,69002.0,69462.74,66829.85,67367.85
2024-10-22 00:00:00,67360.7,67801.58,66581.37,67361.4
2024-10-23 00:00:00,67362.37,67402.74,65188.04,66432.2
2024-10-24 00:00:00,66653.7,68798.96,66454.1,68161.05
2024-10-25 00:00:00,68165.3,68722.16,65521.79,66642.41
2024-10-26 00:00:00,66628.74,67317.92,66360.6,67014.7
2024-10-27 00:00:00,67023.48,68221.31,66847.22,67929.3
2024-10-28 00:00:00,67922.67,70212.27,67535.13,69907.75
2024-10-29 00:00:00,69910.05,73577.21,69729.92,72720.49
2024-10-30 00:00:00,72715.37,72905.3,71411.74,72339.54
2024-10-31 00:00:00,72335.04,72662.31,69590.5,70215.19
2024-11-01 00:00:00,70216.9,71559.02,68779.7,69482.47
2024-11-02 00:00:00,69486.02,69867.35,69033.72,69289.28
2024-11-03 00:00:00,69296.38,69361.66,67482.53,68741.12
2024-11-04 00:00:00,68742.13,69433.18,66803.65,67811.51
2024-11-05 00:00:00,67811.17,70522.79,67458.87,69359.57
2024-11-06 00:00:00,69358.5,76460.15,69322.03,75639.08
2024-11-07 00:00:00,75637.08,76943.12,74480.42,75904.86
2024-11-08 00:00:00,75902.83,77252.75,75648.74,76545.48
2024-11-09 00:00:00,76556.19,76932.76,75773.79,76778.87
2024-11-10 00:00:00,76775.54,81474.42,76565.43,80474.19
2024-11-11 00:00:00,80471.41,89604.5,80283.25,88701.49
2024-11-12 00:00:00,88705.56,89956.88,85155.11,87955.81
2024-11-13 00:00:00,87929.97,93434.36,86256.93,90584.17
2024-11-14 00:00:00,90574.88,91765.22,86682.82,87250.43
2024-11-15 00:00:00,87284.18,91868.74,87124.9,91066.01
2024-11-16 00:00:00,91064.37,91763.95,90094.23,90558.48
2024-11-17 00:00:00,90558.46,91433.04,88741.67,89845.85
2024-11-18 00:00:00,89843.72,92596.79,89393.59,90542.64
2024-11-19 00:00:00,90536.81,94002.87,90426.99,92343.79
2024-11-20 00:00:00,92341.89,94902.02,91619.5,94339.5
2024-11-21 00:00:00,94334.64,99014.21,94132.6,98504.73
2024-11-22 00:00:00,98496.43,99655.5,97222.67,98997.66
2024-11-23 00:00:00,99006.74,99014.68,97232.89,97777.28
2024-11-24 00:00:00,97778.1,98647.18,95788.08,98013.82
2024-11-25 00:00:00,98033.44,98935.03,92642.91,93102.3
2024-11-26 00:00:00,93087.28,94991.75,90770.82,91985.32
2024-11-27 00:00:00,91978.14,97361.18,91778.66,95962.53
2024-11-28 00:00:00,95954.94,96650.2,94677.35,95652.47
2024-11-29 00:00:00,95653.95,98693.17,95407.89,97461.52
2024-11-30 00:00:00,97468.81,97499.34,96144.22,96449.06
2024-12-01 00:00:00,96461.34,97888.13,95770.18,97279.79
2024-12-02 00:00:00,97276.01,98152.6,94482.86,95865.3
2024-12-03 00:00:00,95854.6,96297.2,93629.56,96002.16
2024-12-04 00:00:00,95988.53,99207.33,94660.52,98768.53
2024-12-05 00:00:00,98741.54,103900.47,91998.78,96593.57
2024-12-06 00:00:00,97074.22,102039.88,96514.88,99920.71
2024-12-07 00:00:00,99916.71,100563.38,99030.89,99923.34
2024-12-08 00:00:00,99921.92,101399.99,98771.51,101236.01
2024-12-09 00:00:00,101237.06,101272.5,94355.91,97432.72
2024-12-10 00:00:00,97441.23,98270.15,94321.26,96675.43
2024-12-11 00:00:00,96656.06,101913.36,95747.23,101173.03
2024-12-12 00:00:00,101167.81,102524.91,99339.95,100043.0
2024-12-13 00:00:00,100046.65,101888.81,99233.28,101459.25
2024-12-14 00:00:00,101451.44,102618.88,100634.06,101372.97
2024-12-15 00:00:00,101373.53,105047.54,101227.03,104298.7
2024-12-16 00:00:00,104293.58,107780.58,103322.98,106029.72
2024-12-17 00:00:00,106030.69,108268.45,105291.74,106140.6
2024-12-18 00:00:00,106147.3,106470.61,100041.54,100041.54
2024-12-19 00:00:00,100070.69,102748.15,95587.68,97490.95
2024-12-20 00:00:00,97484.7,98098.91,92175.18,97755.93
2024-12-21 00:00:00,97756.19,99507.1,96426.52,97224.73
2024-12-22 00:00:00,97218.32,97360.26,94202.19,95104.93
2024-12-23 00:00:00,95099.39,96416.21,92403.13,94686.24
2024-12-24 00:00:00,94684.35,99404.06,93448.01,98676.1
2024-12-25 00:00:00,98675.91,99478.75,97593.47,99299.19
2024-12-26 00:00:00,99297.7,99884.57,95137.89,95795.52
2024-12-27 00:00:00,95704.97,97294.85,93310.74,94164.86
2024-12-28 00:00:00,94160.19,95525.9,94014.29,95163.93
2024-12-29 00:00:00,95174.06,95174.88,92881.79,93530.23
2024-12-30 00:00:00,93527.2,94903.32,91317.14,92643.21
2024-12-31 00:00:00,92643.25,96090.6,91914.03,93429.2
2025-01-01 00:00:00,93425.1,94929.86,92788.13,94419.76
2025-01-02 00:00:00,94416.29,97739.82,94201.57,96886.88
2025-01-03 00:00:00,96881.73,98956.92,96034.61,98107.43
2025-01-04 00:00:00,98106.99,98734.43,97562.98,98236.23
2025-01-05 00:00:00,98233.91,98813.31,97291.76,98314.96
2025-01-06 00:00:00,98314.96,102482.87,97926.15,102078.09
2025-01-07 00:00:00,102248.85,102712.49,96132.87,96922.71
2025-01-08 00:00:00,96924.16,97258.32,92525.84,95043.52
2025-01-09 00:00:00,95043.49,95349.72,91220.84,92484.04
2025-01-10 00:00:00,92494.49,95770.61,92250.09,94701.46
2025-01-11 00:00:00,94700.84,94977.69,93840.04,94566.59
2025-01-12 00:00:00,94565.73,95367.54,93712.51,94488.44
2025-01-13 00:00:00,94488.89,95837.0,89260.1,94516.53
2025-01-14 00:00:00,94519.01,97352.66,94322.15,96534.04
2025-01-15 00:00:00,96534.05,100697.23,96501.64,100504.49
2025-01-16 00:00:00,100505.3,100781.59,97364.44,99756.91
2025-01-17 00:00:00,100025.77,105884.23,99948.91,104462.04
2025-01-18 00:00:00,104124.95,104913.21,102226.62,104408.07
2025-1-19 00:00:00,102620.441,102878.097,101087.506,102197.755
2025-1-20 00:00:00,102142.931,109970.855,100688.673,101986.054
2025-1-21 00:00:00,102321.558,106911.633,100773.767,106097.651
2025-1-22 00:00:00,106212.802,106212.802,103352.743,103682.237
2025-1-23 00:00:00,103603.079,106545.1,101188.851,103991.778
2025-1-24 00:00:00,103800.243,106025.902,102499.128,104020.295
2025-1-25 00:00:00,103871.803,104508.776,103489.92,103977.979
2025-1-26 00:00:00,104066.994,104563.472,102054.711,102095.204
2025-1-27 00:00:00,101992.756,102660.413,97814.606,102303.399
2025-1-28 00:00:00,102213.891,103677.616,100585.681,101665.418
2025-1-29 00:00:00,101698.13,104879.535,101665.856,103992.058
2025-1-30 00:00:00,104038.095,106483.315,103644.033,105213.609
2025-1-31 00:00:00,105269.667,106411.288,102208.756,103191.794
2025-2-1 00:00:00,103108.993,103504.97,101340.813,101686.136
2025-2-2 00:00:00,101525.795,102498.138,98019.053,99709.673
2025-2-2 00:00:00,99670.959,99670.959,99670.959,99670.959
2025-2-3 00:00:00,99464.029,103808.48,94787.114,102713.533
2025-2-4 00:00:00,102897.074,103168.341,97014.679,98811.782
2025-2-5 00:00:00,98772.198,99663.218,96780.398,97189.279
2025-2-6 00:00:00,97131.496,100020.543,97131.496,97376.527
2025-2-6 00:00:00,97376.527,97376.527,97376.527,97376.527
2025-2-6 00:00:00,97376.527,97376.527,97376.527,97376.527
2025-2-6 00:00:00,97376.527,97376.527,97376.527,97376.527
2025-2-6 00:00:00,97376.527,97376.527,97376.527,97376.527
2025-2-6 00:00:00,97376.527,97376.527,97376.527,97376.527
2025-2-6 00:00:00,97376.527,97376.527,97376.527,97376.527
2025-2-6 00:00:00,97376.527,97376.527,97376.527,97376.527
2025-2-6 00:00:00,97376.527,97376.527,97376.527,97376.527
2025-2-6 00:00:00,97376.527,97376.527,97376.527,97376.527
2025-2-6 00:00:00,97376.527,97376.527,97376.527,97376.527
2025-2-6 00:00:00,97376.527,97376.527,97376.527,97376.527
2025-2-6 00:00:00,97376.527,97376.527,97376.527,97376.527
2025-2-6 00:00:00,97376.527,97376.527,97376.527,97376.527
2025-2-6 00:00:00,97376.527,97376.527,97376.527,97376.527
2025-2-6 00:00:00,97376.527,97376.527,97376.527,97376.527
2025-2-6 00:00:00,97376.527,97376.527,97376.527,97376.527
2025-2-6 00:00:00,97376.527,97376.527,97376.527,97376.527
2025-2-6 00:00:00,97376.527,97376.527,97376.527,97376.527
2025-2-6 00:00:00,97376.527,97376.527,97376.527,97376.527
2025-2-6 00:00:00,97376.527,97376.527,97376.527,97376.527
2025-2-6 00:00:00,97376.527,97376.527,97376.527,97376.527
2025-2-6 00:00:00,97376.527,97376.527,97376.527,97376.527
2025-2-6 00:00:00,97376.527,97376.527,97376.527,97376.527
2025-2-6 00:00:00,97376.527,97376.527,97376.527,97376.527
2025-2-6 00:00:00,97376.527,97376.527,97376.527,97376.527
2025-2-6 00:00:00,97376.527,97376.527,97376.527,97376.527
2025-2-6 00:00:00,97376.527,97376.527,97376.527,97376.527
2025-2-6 00:00:00,97376.527,97376.527,97376.527,97376.527
2025-2-6 00:00:00,97376.527,97376.527,97376.527,97376.527
2025-2-6 00:00:00,97376.527,97376.527,97376.527,97376.527
2025-2-6 00:00:00,97376.527,97376.527,97376.527,97376.527
2025-2-6 00:00:00,97376.527,97376.527,97376.527,97376.527
2025-2-6 00:00:00,97376.527,97376.527,97376.527,97376.527
2025-2-6 00:00:00,97376.527,97376.527,97376.527,97376.527
2025-2-6 00:00:00,97376.527,97376.527,97376.527,97376.527
2025-2-6 00:00:00,97376.527,97376.527,97376.527,97376.527
2025-2-6 00:00:00,97376.527,97376.527,97376.527,97376.527
2025-2-6 00:00:00,97376.527,97376.527,97376.527,97376.527
2025-2-6 00:00:00,97376.527,97376.527,97376.527,97376.527
2025-2-6 00:00:00,97376.527,97376.527,97376.527,97376.527
2025-2-6 00:00:00,97376.527,97376.527,97376.527,97376.527
2025-2-6 00:00:00,97376.527,97376.527,97376.527,97376.527
2025-2-6 00:00:00,97376.527,97376.527,97376.527,97376.527
2025-2-6 00:00:00,97376.527,97376.527,97376.527,97376.527
2025-2-6 00:00:00,97376.527,97376.527,97376.527,97376.527
2025-2-6 00:00:00,97376.527,97376.527,97376.527,97376.527
2025-2-6 00:00:00,97376.527,97376.527,97376.527,97376.527
2025-2-6 00:00:00,97376.527,97376.527,97376.527,97376.527
2025-2-6 00:00:00,97376.527,97376.527,97376.527,97376.527
2025-2-6 00:00:00,97376.527,97376.527,97376.527,97376.527
2025-2-6 00:00:00,97376.527,97376.527,97376.527,97376.527
2025-2-6 00:00:00,97376.527,97376.527,97376.527,97376.527
2025-2-6 00:00:00,97376.527,97376.527,97376.527,97376.527
2025-2-6 00:00:00,97376.527,97376.527,97376.527,97376.527
2025-2-6 00:00:00,97376.527,97376.527,97376.527,97376.527
2025-2-6 00:00:00,97376.527,97376.527,97376.527,97376.527
2025-2-6 00:00:00,97376.527,97376.527,97376.527,97376.527
2025-2-6 00:00:00,97376.527,97376.527,97376.527,97376.527
2025-2-6 00:00:00,97376.527,97376.527,97376.527,97376.527
2025-2-6 00:00:00,97376.527,97376.527,97376.527,97376.527
2025-2-6 00:00:00,97376.527,97376.527,97376.527,97376.527
2025-2-6 00:00:00,97376.527,97376.527,97376.527,97376.527
2025-2-6 00:00:00,97376.527,97376.527,97376.527,97376.527
2025-2-6 00:00:00,97376.527,97376.527,97376.527,97376.527
2025-2-6 00:00:00,97376.527,97376.527,97376.527,97376.527
2025-2-6 00:00:00,97376.527,97376.527,97376.527,97376.527
2025-2-6 00:00:00,97376.527,97376.527,97376.527,97376.527
2025-2-6 00:00:00,97376.527,97376.527,97376.527,97376.527
2025-2-6 00:00:00,97376.527,97376.527,97376.527,97376.527
2025-2-6 00:00:00,97376.527,97376.527,97376.527,97376.527
2025-2-6 00:00:00,97376.527,97376.527,97376.527,97376.527
2025-2-6 00:00:00,97376.527,97376.527,97376.527,97376.527
2025-2-6 00:00:00,97376.527,97376.527,97376.527,97376.527
2025-2-6 00:00:00,97376.527,97376.527,97376.527,97376.527
2025-2-6 00:00:00,97376.527,97376.527,97376.527,97376.527
2025-2-6 00:00:00,97376.527,97376.527,97376.527,97376.527
2025-2-6 00:00:00,97376.527,97376.527,97376.527,97376.527
2025-2-6 00:00:00,97376.527,97376.527,97376.527,97376.527
2025-2-6 00:00:00,97376.527,97376.527,97376.527,97376.527
2025-2-6 00:00:00,97376.527,97376.527,97376.527,97376.527
2025-2-6 00:00:00,97376.527,97376.527,97376.527,97376.527
2025-2-6 00:00:00,97376.527,97376.527,97376.527,97376.527
2025-2-6 00:00:00,97376.527,97376.527,97376.527,97376.527
2025-2-6 00:00:00,97376.527,97376.527,97376.527,97376.527
2025-2-6 00:00:00,97376.527,97376.527,97376.527,97376.527
2025-2-6 00:00:00,97376.527,97376.527,97376.527,97376.527
2025-2-6 00:00:00,97376.527,97376.527,97376.527,97376.527
2025-2-6 00:00:00,97376.527,97376.527,97376.527,97376.527
2025-2-6 00:00:00,97376.527,97376.527,97376.527,97376.527
2025-2-6 00:00:00,97376.527,97376.527,97376.527,97376.527
2025-2-6 00:00:00,97376.527,97376.527,97376.527,97376.527
2025-2-6 00:00:00,97376.527,97376.527,97376.527,97376.527
2025-2-6 00:00:00,97376.527,97376.527,97376.527,97376.527
2025-2-6 00:00:00,97376.527,97376.527,97376.527,97376.527
2025-2-6 00:00:00,97376.527,97376.527,97376.527,97376.527
2025-2-6 00:00:00,97376.527,97376.527,97376.527,97376.527
2025-2-6 00:00:00,97376.527,97376.527,97376.527,97376.527
2025-2-6 00:00:00,97376.527,97376.527,97376.527,97376.527
2025-2-6 00:00:00,97376.527,97376.527,97376.527,97376.527
2025-2-6 00:00:00,97376.527,97376.527,97376.527,97376.527
2025-2-6 00:00:00,97376.527,97376.527,97376.527,97376.527
2025-2-6 00:00:00,97376.527,97376.527,97376.527,97376.527
2025-2-6 00:00:00,97376.527,97376.527,97376.527,97376.527
2025-2-6 00:00:00,97376.527,97376.527,97376.527,97376.527
2025-2-6 00:00:00,97376.527,97376.527,97376.527,97376.527
2025-2-6 00:00:00,97376.527,97376.527,97376.527,97376.527
2025-2-6 00:00:00,97376.527,97376.527,97376.527,97376.527
2025-2-6 00:00:00,97376.527,97376.527,97376.527,97376.527
2025-2-6 00:00:00,97376.527,97376.527,97376.527,97376.527
2025-2-6 00:00:00,97376.527,97376.527,97376.527,97376.527
2025-2-6 00:00:00,97376.527,97376.527,97376.527,97376.527
2025-2-6 00:00:00,97376.527,97376.527,97376.527,97376.527
2025-2-6 00:00:00,97376.527,97376.527,97376.527,97376.527
2025-2-6 00:00:00,97376.527,97376.527,97376.527,97376.527
2025-2-6 00:00:00,97376.527,97376.527,97376.527,97376.527
2025-2-6 00:00:00,97376.527,97376.527,97376.527,97376.527
2025-2-6 00:00:00,97376.527,97376.527,97376.527,97376.527
2025-2-6 00:00:00,97376.527,97376.527,97376.527,97376.527
2025-2-6 00:00:00,97376.527,97376.527,97376.527,97376.527
2025-2-6 00:00:00,97376.527,97376.527,97376.527,97376.527
2025-2-6 00:00:00,97376.527,97376.527,97376.527,97376.527
2025-2-6 00:00:00,97376.527,97376.527,97376.527,97376.527
2025-2-6 00:00:00,97376.527,97376.527,97376.527,97376.527
2025-2-6 00:00:00,97376.527,97376.527,97376.527,97376.527
2025-2-6 00:00:00,97376.527,97376.527,97376.527,97376.527
2025-2-6 00:00:00,97376.527,97376.527,97376.527,97376.527
2025-2-6 00:00:00,97376.527,97376.527,97376.527,97376.527
2025-2-6 00:00:00,97376.527,97376.527,97376.527,97376.527
2025-2-6 00:00:00,97376.527,97376.527,97376.527,97376.527
2025-2-6 00:00:00,97376.527,97376.527,97376.527,97376.527
2025-2-6 00:00:00,97376.527,97376.527,97376.527,97376.527
2025-2-6 00:00:00,97376.527,97376.527,97376.527,97376.527
2025-2-6 00:00:00,97376.527,97376.527,97376.527,97376.527
2025-2-6 00:00:00,97376.527,97376.527,97376.527,97376.527
2025-2-6 00:00:00,97376.527,97376.527,97376.527,97376.527
2025-2-6 00:00:00,97376.527,97376.527,97376.527,97376.527
2025-2-6 00:00:00,97376.527,97376.527,97376.527,97376.527
2025-2-6 00:00:00,97376.527,97376.527,97376.527,97376.527
2025-2-6 00:00:00,97376.527,97376.527,97376.527,97376.527
2025-2-6 00:00:00,97376.527,97376.527,97376.527,97376.527
2025-2-6 00:00:00,97376.527,97376.527,97376.527,97376.527
2025-2-6 00:00:00,97376.527,97376.527,97376.527,97376.527
2025-2-6 00:00:00,97376.527,97376.527,97376.527,97376.527
2025-2-6 00:00:00,97376.527,97376.527,97376.527,97376.527
2025-2-6 00:00:00,97376.527,97376.527,97376.527,97376.527
2025-2-6 00:00:00,97376.527,97376.527,97376.527,97376.527
2025-2-6 00:00:00,97376.527,97376.527,97376.527,97376.527
2025-2-6 00:00:00,97376.527,97376.527,97376.527,97376.527
2025-2-6 00:00:00,97376.527,97376.527,97376.527,97376.527
2025-2-6 00:00:00,97376.527,97376.527,97376.527,97376.527
2025-2-6 00:00:00,97376.527,97376.527,97376.527,97376.527
2025-2-6 00:00:00,97376.527,97376.527,97376.527,97376.527
2025-2-6 00:00:00,97376.527,97376.527,97376.527,97376.527
2025-2-6 00:00:00,97376.527,97376.527,97376.527,97376.527
2025-2-6 00:00:00,97376.527,97376.527,97376.527,97376.527
2025-2-6 00:00:00,97376.527,97376.527,97376.527,97376.527
2025-2-6 00:00:00,97376.527,97376.527,97376.527,97376.527
2025-2-6 00:00:00,97376.527,97376.527,97376.527,97376.527
2025-2-6 00:00:00,97376.527,97376.527,97376.527,97376.527
2025-2-6 00:00:00,97376.527,97376.527,97376.527,97376.527
2025-2-6 00:00:00,97376.527,97376.527,97376.527,97376.527
2025-2-6 00:00:00,97376.527,97376.527,97376.527,97376.527
2025-2-6 00:00:00,97376.527,97376.527,97376.527,97376.527
2025-2-6 00:00:00,97376.527,97376.527,97376.527,97376.527
2025-2-6 00:00:00,97376.527,97376.527,97376.527,97376.527
2025-2-6 00:00:00,97376.527,97376.527,97376.527,97376.527
2025-2-6 00:00:00,97376.527,97376.527,97376.527,97376.527
2025-2-6 00:00:00,97376.527,97376.527,97376.527,97376.527
2025-2-6 00:00:00,97376.527,97376.527,97376.527,97376.527
2025-2-6 00:00:00,97376.527,97376.527,97376.527,97376.527
2025-2-6 00:00:00,97376.527,97376.527,97376.527,97376.527
2025-2-6 00:00:00,97376.527,97376.527,97376.527,97376.527
2025-2-6 00:00:00,97376.527,97376.527,97376.527,97376.527
2025-2-6 00:00:00,97376.527,97376.527,97376.527,97376.527
2025-2-6 00:00:00,97376.527,97376.527,97376.527,97376.527
2025-2-6 00:00:00,97376.527,97376.527,97376.527,97376.527
2025-2-6 00:00:00,97376.527,97376.527,97376.527,97376.527
2025-2-6 00:00:00,97376.527,97376.527,97376.527,97376.527
2025-2-6 00:00:00,97376.527,97376.527,97376.527,97376.527
2025-2-6 00:00:00,97376.527,97376.527,97376.527,97376.527
2025-2-6 00:00:00,97376.527,97376.527,97376.527,97376.527
2025-2-6 00:00:00,97376.527,97376.527,97376.527,97376.527
2025-2-6 00:00:00,97376.527,97376.527,97376.527,97376.527
2025-2-6 00:00:00,97376.527,97376.527,97376.527,97376.527
2025-2-6 00:00:00,97376.527,97376.527,97376.527,97376.527
2025-2-6 00:00:00,97376.527,97376.527,97376.527,97376.527
2025-2-6 00:00:00,97376.527,97376.527,97376.527,97376.527
2025-2-6 00:00:00,97376.527,97376.527,97376.527,97376.527
2025-2-6 00:00:00,97376.527,97376.527,97376.527,97376.527
2025-2-6 00:00:00,97376.527,97376.527,97376.527,97376.527
2025-2-6 00:00:00,97376.527,97376.527,97376.527,97376.527
2025-2-6 00:00:00,97376.527,97376.527,97376.527,97376.527
2025-2-6 00:00:00,97376.527,97376.527,97376.527,97376.527
2025-2-6 00:00:00,97376.527,97376.527,97376.527,97376.527
2025-2-6 00:00:00,97376.527,97376.527,97376.527,97376.527
2025-2-6 00:00:00,97376.527,97376.527,97376.527,97376.527
2025-2-6 00:00:00,97376.527,97376.527,97376.527,97376.527
2025-2-6 00:00:00,97376.527,97376.527,97376.527,97376.527
2025-2-6 00:00:00,97376.527,97376.527,97376.527,97376.527
2025-2-6 00:00:00,97376.527,97376.527,97376.527,97376.527
2025-2-6 00:00:00,97376.527,97376.527,97376.527,97376.527
2025-2-6 00:00:00,97376.527,97376.527,97376.527,97376.527
2025-2-6 00:00:00,97376.527,97376.527,97376.527,97376.527
2025-2-6 00:00:00,97376.527,97376.527,97376.527,97376.527
2025-2-6 00:00:00,97376.527,97376.527,97376.527,97376.527
2025-2-6 00:00:00,97376.527,97376.527,97376.527,97376.527
2025-2-6 00:00:00,97376.527,97376.527,97376.527,97376.527
2025-2-6 00:00:00,97376.527,97376.527,97376.527,97376.527
2025-2-6 00:00:00,97376.527,97376.527,97376.527,97376.527
2025-2-6 00:00:00,97376.527,97376.527,97376.527,97376.527
2025-2-6 00:00:00,97376.527,97376.527,97376.527,97376.527
2025-2-6 00:00:00,97376.527,97376.527,97376.527,97376.527
2025-2-6 00:00:00,97376.527,97376.527,97376.527,97376.527
2025-2-6 00:00:00,97376.527,97376.527,97376.527,97376.527
2025-2-6 00:00:00,97376.527,97376.527,97376.527,97376.527
2025-2-6 00:00:00,97376.527,97376.527,97376.527,97376.527
2025-2-6 00:00:00,97376.527,97376.527,97376.527,97376.527
2025-2-6 00:00:00,97376.527,97376.527,97376.527,97376.527
2025-2-6 00:00:00,97376.527,97376.527,97376.527,97376.527
2025-2-6 00:00:00,97376.527,97376.527,97376.527,97376.527
2025-2-6 00:00:00,97376.527,97376.527,97376.527,97376.527
2025-2-6 00:00:00,97376.527,97376.527,97376.527,97376.527
2025-2-6 00:00:00,97376.527,97376.527,97376.527,97376.527
2025-2-6 00:00:00,97376.527,97376.527,97376.527,97376.527
2025-2-6 00:00:00,97376.527,97376.527,97376.527,97376.527
2025-2-6 00:00:00,97376.527,97376.527,97376.527,97376.527
2025-2-6 00:00:00,97376.527,97376.527,97376.527,97376.527
2025-2-6 00:00:00,97376.527,97376.527,97376.527,97376.527
2025-2-6 00:00:00,97376.527,97376.527,97376.527,97376.527
2025-2-6 00:00:00,97376.527,97376.527,97376.527,97376.527
2025-2-6 00:00:00,97376.527,97376.527,97376.527,97376.527
2025-2-6 00:00:00,97376.527,97376.527,97376.527,97376.527
2025-2-6 00:00:00,97376.527,97376.527,97376.527,97376.527
2025-2-6 00:00:00,97376.527,97376.527,97376.527,97376.527
2025-2-6 00:00:00,97376.527,97376.527,97376.527,97376.527
2025-2-6 00:00:00,97376.527,97376.527,97376.527,97376.527
2025-2-6 00:00:00,97376.527,97376.527,97376.527,97376.527
2025-2-6 00:00:00,97376.527,97376.527,97376.527,97376.527
2025-2-6 00:00:00,97376.527,97376.527,97376.527,97376.527
2025-2-6 00:00:00,97376.527,97376.527,97376.527,97376.527
2025-2-6 00:00:00,97376.527,97376.527,97376.527,97376.527
2025-2-6 00:00:00,97376.527,97376.527,97376.527,97376.527
2025-2-6 00:00:00,97376.527,97376.527,97376.527,97376.527
2025-2-6 00:00:00,97376.527,97376.527,97376.527,97376.527
2025-2-6 00:00:00,97376.527,97376.527,97376.527,97376.527
2025-2-6 00:00:00,97376.527,97376.527,97376.527,97376.527
2025-2-6 00:00:00,97376.527,97376.527,97376.527,97376.527
2025-2-6 00:00:00,97376.527,97376.527,97376.527,97376.527
2025-2-6 00:00:00,97376.527,97376.527,97376.527,97376.527
2025-2-6 00:00:00,97376.527,97376.527,97376.527,97376.527
2025-2-6 00:00:00,97376.527,97376.527,97376.527,97376.527
2025-2-6 00:00:00,97376.527,97376.527,97376.527,97376.527
2025-2-6 00:00:00,97376.527,97376.527,97376.527,97376.527
2025-2-6 00:00:00,97376.527,97376.527,97376.527,97376.527
2025-2-6 00:00:00,97376.527,97376.527,97376.527,97376.527
2025-2-6 00:00:00,97376.527,97376.527,97376.527,97376.527
2025-2-6 00:00:00,97376.527,97376.527,97376.527,97376.527
2025-2-6 00:00:00,97376.527,97376.527,97376.527,97376.527
2025-2-6 00:00:00,97376.527,97376.527,97376.527,97376.527
2025-2-6 00:00:00,97376.527,97376.527,97376.527,97376.527
2025-2-6 00:00:00,97376.527,97376.527,97376.527,97376.527
2025-2-6 00:00:00,97376.527,97376.527,97376.527,97376.527
2025-2-6 00:00:00,97376.527,97376.527,97376.527,97376.527
2025-2-6 00:00:00,97376.527,97376.527,97376.527,97376.527
2025-2-6 00:00:00,97376.527,97376.527,97376.527,97376.527
2025-2-6 00:00:00,97376.527,97376.527,97376.527,97376.527
2025-2-6 00:00:00,97376.527,97376.527,97376.527,97376.527
2025-2-6 00:00:00,97376.527,97376.527,97376.527,97376.527
2025-2-6 00:00:00,97376.527,97376.527,97376.527,97376.527
2025-2-6 00:00:00,97376.527,97376.527,97376.527,97376.527
2025-2-6 00:00:00,97376.527,97376.527,97376.527,97376.527
2025-2-6 00:00:00,97376.527,97376.527,97376.527,97376.527
2025-2-6 00:00:00,97376.527,97376.527,97376.527,97376.527
2025-2-6 00:00:00,97376.527,97376.527,97376.527,97376.527
2025-2-6 00:00:00,97376.527,97376.527,97376.527,97376.527
2025-2-6 00:00:00,97376.527,97376.527,97376.527,97376.527
2025-2-6 00:00:00,97376.527,97376.527,97376.527,97376.527
2025-2-6 00:00:00,97376.527,97376.527,97376.527,97376.527
2025-2-6 00:00:00,97376.527,97376.527,97376.527,97376.527
2025-2-6 00:00:00,97376.527,97376.527,97376.527,97376.527
2025-2-6 00:00:00,97376.527,97376.527,97376.527,97376.527
2025-2-6 00:00:00,97376.527,97376.527,97376.527,97376.527
2025-2-6 00:00:00,97376.527,97376.527,97376.527,97376.527
2025-2-6 00:00:00,97376.527,97376.527,97376.527,97376.527
2025-2-6 00:00:00,97376.527,97376.527,97376.527,97376.527
2025-2-6 00:00:00,97376.527,97376.527,97376.527,97376.527
2025-2-6 00:00:00,97376.527,97376.527,97376.527,97376.527
2025-2-6 00:00:00,97376.527,97376.527,97376.527,97376.527
2025-2-6 00:00:00,97376.527,97376.527,97376.527,97376.527
2025-2-6 00:00:00,97376.527,97376.527,97376.527,97376.527
2025-2-6 00:00:00,97376.527,97376.527,97376.527,97376.527
2025-2-6 00:00:00,97376.527,97376.527,97376.527,97376.527
2025-2-6 00:00:00,97376.527,97376.527,97376.527,97376.527
2025-2-6 00:00:00,97376.527,97376.527,97376.527,97376.527
2025-2-6 00:00:00,97376.527,97376.527,97376.527,97376.527
2025-2-6 00:00:00,97376.527,97376.527,97376.527,97376.527
2025-2-6 00:00:00,97376.527,97376.527,97376.527,97376.527
2025-2-6 00:00:00,97376.527,97376.527,97376.527,97376.527
2025-2-6 00:00:00,97376.527,97376.527,97376.527,97376.527
2025-2-6 00:00:00,97376.527,97376.527,97376.527,97376.527
2025-2-6 00:00:00,97376.527,97376.527,97376.527,97376.527
2025-2-6 00:00:00,97376.527,97376.527,97376.527,97376.527
2025-2-6 00:00:00,97376.527,97376.527,97376.527,97376.527
2025-2-6 00:00:00,97376.527,97376.527,97376.527,97376.527
2025-2-6 00:00:00,97376.527,97376.527,97376.527,97376.527
2025-2-6 00:00:00,97376.527,97376.527,97376.527,97376.527
2025-2-6 00:00:00,97376.527,97376.527,97376.527,97376.527
2025-2-6 00:00:00,97376.527,97376.527,97376.527,97376.527
2025-2-6 00:00:00,97376.527,97376.527,97376.527,97376.527
2025-2-6 00:00:00,97376.527,97376.527,97376.527,97376.527
2025-2-6 00:00:00,97376.527,97376.527,97376.527,97376.527
2025-2-6 00:00:00,97376.527,97376.527,97376.527,97376.527
2025-2-6 00:00:00,97376.527,97376.527,97376.527,97376.527
2025-2-6 00:00:00,97376.527,97376.527,97376.527,97376.527
2025-2-6 00:00:00,97376.527,97376.527,97376.527,97376.527
2025-2-6 00:00:00,97376.527,97376.527,97376.527,97376.527
2025-2-6 00:00:00,97376.527,97376.527,97376.527,97376.527
2025-2-6 00:00:00,97376.527,97376.527,97376.527,97376.527
2025-2-6 00:00:00,97376.527,97376.527,97376.527,97376.527
2025-2-6 00:00:00,97376.527,97376.527,97376.527,97376.527
2025-2-6 00:00:00,97376.527,97376.527,97376.527,97376.527
2025-2-6 00:00:00,97376.527,97376.527,97376.527,97376.527
2025-2-6 00:00:00,97376.527,97376.527,97376.527,97376.527
2025-2-6 00:00:00,97376.527,97376.527,97376.527,97376.527
2025-2-6 00:00:00,97376.527,97376.527,97376.527,97376.527
2025-2-6 00:00:00,97376.527,97376.527,97376.527,97376.527
2025-2-6 00:00:00,97376.527,97376.527,97376.527,97376.527
2025-2-6 00:00:00,97376.527,97376.527,97376.527,97376.527
2025-2-6 00:00:00,97376.527,97376.527,97376.527,97376.527
2025-2-6 00:00:00,97376.527,97376.527,97376.527,97376.527
2025-2-6 00:00:00,97376.527,97376.527,97376.527,97376.527
2025-2-6 00:00:00,97376.527,97376.527,97376.527,97376.527
2025-2-6 00:00:00,97376.527,97376.527,97376.527,97376.527
2025-2-6 00:00:00,97376.527,97376.527,97376.527,97376.527
2025-2-6 00:00:00,97376.527,97376.527,97376.527,97376.527
2025-2-6 00:00:00,97376.527,97376.527,97376.527,97376.527
2025-2-6 00:00:00,97376.527,97376.527,97376.527,97376.527
2025-2-6 00:00:00,97376.527,97376.527,97376.527,97376.527
2025-2-6 00:00:00,97376.527,97376.527,97376.527,97376.527
2025-2-6 00:00:00,97376.527,97376.527,97376.527,97376.527
2025-2-6 00:00:00,97376.527,97376.527,97376.527,97376.527
2025-2-6 00:00:00,97376.527,97376.527,97376.527,97376.527
2025-2-6 00:00:00,97376.527,97376.527,97376.527,97376.527
2025-2-6 00:00:00,97376.527,97376.527,97376.527,97376.527
2025-2-6 00:00:00,97376.527,97376.527,97376.527,97376.527
2025-2-6 00:00:00,97376.527,97376.527,97376.527,97376.527
2025-2-6 00:00:00,97376.527,97376.527,97376.527,97376.527
2025-2-6 00:00:00,97376.527,97376.527,97376.527,97376.527
2025-2-6 00:00:00,97376.527,97376.527,97376.527,97376.527
2025-2-6 00:00:00,97376.527,97376.527,97376.527,97376.527
2025-2-6 00:00:00,97376.527,97376.527,97376.527,97376.527
2025-2-6 00:00:00,97376.527,97376.527,97376.527,97376.527
2025-2-6 00:00:00,97376.527,97376.527,97376.527,97376.527
2025-2-6 00:00:00,97376.527,97376.527,97376.527,97376.527
2025-2-6 00:00:00,97376.527,97376.527,97376.527,97376.527
2025-2-6 00:00:00,97376.527,97376.527,97376.527,97376.527
2025-2-6 00:00:00,97376.527,97376.527,97376.527,97376.527
2025-2-6 00:00:00,97376.527,97376.527,97376.527,97376.527
2025-2-6 00:00:00,97376.527,97376.527,97376.527,97376.527
2025-2-6 00:00:00,97376.527,97376.527,97376.527,97376.527
2025-2-6 00:00:00,97376.527,97376.527,97376.527,97376.527
2025-2-6 00:00:00,97376.527,97376.527,97376.527,97376.527
2025-2-6 00:00:00,97376.527,97376.527,97376.527,97376.527
2025-2-6 00:00:00,97376.527,97376.527,97376.527,97376.527
2025-2-6 00:00:00,97376.527,97376.527,97376.527,97376.527
2025-2-6 00:00:00,97376.527,97376.527,97376.527,97376.527
2025-2-6 00:00:00,97376.527,97376.527,97376.527,97376.527
2025-2-6 00:00:00,97376.527,97376.527,97376.527,97376.527
2025-2-6 00:00:00,97376.527,97376.527,97376.527,97376.527
2025-2-6 00:00:00,97376.527,97376.527,97376.527,97376.527
2025-2-6 00:00:00,97376.527,97376.527,97376.527,97376.527
2025-2-6 00:00:00,97376.527,97376.527,97376.527,97376.527
2025-2-6 00:00:00,97376.527,97376.527,97376.527,97376.527
2025-2-6 00:00:00,97376.527,97376.527,97376.527,97376.527
2025-2-6 00:00:00,97376.527,97376.527,97376.527,97376.527
2025-2-6 00:00:00,97376.527,97376.527,97376.527,97376.527
2025-2-6 00:00:00,97376.527,97376.527,97376.527,97376.527
2025-2-6 00:00:00,97376.527,97376.527,97376.527,97376.527
2025-2-6 00:00:00,97376.527,97376.527,97376.527,97376.527
2025-2-6 00:00:00,97376.527,97376.527,97376.527,97376.527
2025-2-6 00:00:00,97376.527,97376.527,97376.527,97376.527
2025-2-6 00:00:00,97376.527,97376.527,97376.527,97376.527
2025-2-6 00:00:00,97376.527,97376.527,97376.527,97376.527
2025-2-6 00:00:00,97376.527,97376.527,97376.527,97376.527
2025-2-6 00:00:00,97376.527,97376.527,97376.527,97376.527
2025-2-6 00:00:00,97376.527,97376.527,97376.527,97376.527
2025-2-6 00:00:00,97376.527,97376.527,97376.527,97376.527
2025-2-6 00:00:00,97376.527,97376.527,97376.527,97376.527
2025-2-6 00:00:00,97376.527,97376.527,97376.527,97376.527
2025-2-6 00:00:00,97376.527,97376.527,97376.527,97376.527
2025-2-6 00:00:00,97376.527,97376.527,97376.527,97376.527
2025-2-6 00:00:00,97376.527,97376.527,97376.527,97376.527
2025-2-6 00:00:00,97376.527,97376.527,97376.527,97376.527
2025-2-6 00:00:00,97376.527,97376.527,97376.527,97376.527
2025-2-6 00:00:00,97376.527,97376.527,97376.527,97376.527
2025-2-6 00:00:00,97376.527,97376.527,97376.527,97376.527
2025-2-6 00:00:00,97376.527,97376.527,97376.527,97376.527
2025-2-6 00:00:00,97376.527,97376.527,97376.527,97376.527
2025-2-6 00:00:00,97376.527,97376.527,97376.527,97376.527
2025-2-6 00:00:00,97376.527,97376.527,97376.527,97376.527
2025-2-6 00:00:00,97376.527,97376.527,97376.527,97376.527
2025-2-6 00:00:00,97376.527,97376.527,97376.527,97376.527
2025-2-6 00:00:00,97376.527,97376.527,97376.527,97376.527
2025-2-6 00:00:00,97376.527,97376.527,97376.527,97376.527
2025-2-6 00:00:00,97376.527,97376.527,97376.527,97376.527
2025-2-6 00:00:00,97376.527,97376.527,97376.527,97376.527
2025-2-6 00:00:00,97376.527,97376.527,97376.527,97376.527
2025-2-6 00:00:00,97376.527,97376.527,97376.527,97376.527
2025-2-6 00:00:00,97376.527,97376.527,97376.527,97376.527
2025-2-6 00:00:00,97376.527,97376.527,97376.527,97376.527
2025-2-6 00:00:00,97376.527,97376.527,97376.527,97376.527
2025-2-6 00:00:00,97376.527,97376.527,97376.527,97376.527
2025-2-6 00:00:00,97376.527,97376.527,97376.527,97376.527
2025-2-6 00:00:00,97376.527,97376.527,97376.527,97376.527
2025-2-6 00:00:00,97376.527,97376.527,97376.527,97376.527
2025-2-6 00:00:00,97376.527,97376.527,97376.527,97376.527
2025-2-6 00:00:00,97376.527,97376.527,97376.527,97376.527
2025-2-6 00:00:00,97376.527,97376.527,97376.527,97376.527
2025-2-6 00:00:00,97376.527,97376.527,97376.527,97376.527
2025-2-6 00:00:00,97376.527,97376.527,97376.527,97376.527
2025-2-6 00:00:00,97376.527,97376.527,97376.527,97376.527
2025-2-6 00:00:00,97376.527,97376.527,97376.527,97376.527
2025-2-6 00:00:00,97376.527,97376.527,97376.527,97376.527
2025-2-6 00:00:00,97376.527,97376.527,97376.527,97376.527
2025-2-6 00:00:00,97376.527,97376.527,97376.527,97376.527
2025-2-6 00:00:00,97376.527,97376.527,97376.527,97376.527
2025-2-6 00:00:00,97376.527,97376.527,97376.527,97376.527
2025-2-6 00:00:00,97376.527,97376.527,97376.527,97376.527
2025-2-6 00:00:00,97376.527,97376.527,97376.527,97376.527
2025-2-6 00:00:00,97376.527,97376.527,97376.527,97376.527
2025-2-6 00:00:00,97376.527,97376.527,97376.527,97376.527
2025-2-6 00:00:00,97376.527,97376.527,97376.527,97376.527
2025-2-6 00:00:00,97376.527,97376.527,97376.527,97376.527
2025-2-6 00:00:00,97376.527,97376.527,97376.527,97376.527
2025-2-6 00:00:00,97376.527,97376.527,97376.527,97376.527
2025-2-6 00:00:00,97376.527,97376.527,97376.527,97376.527
2025-2-6 00:00:00,97376.527,97376.527,97376.527,97376.527
2025-2-6 00:00:00,97376.527,97376.527,97376.527,97376.527
2025-2-6 00:00:00,97376.527,97376.527,97376.527,97376.527
2025-2-6 00:00:00,97376.527,97376.527,97376.527,97376.527
2025-2-6 00:00:00,97376.527,97376.527,97376.527,97376.527
2025-2-6 00:00:00,97376.527,97376.527,97376.527,97376.527
2025-2-6 00:00:00,97376.527,97376.527,97376.527,97376.527
2025-2-6 00:00:00,97376.527,97376.527,97376.527,97376.527
2025-2-6 00:00:00,97376.527,97376.527,97376.527,97376.527
2025-2-6 00:00:00,97376.527,97376.527,97376.527,97376.527
2025-2-6 00:00:00,97376.527,97376.527,97376.527,97376.527
2025-2-6 00:00:00,97376.527,97376.527,97376.527,97376.527
2025-2-6 00:00:00,97376.527,97376.527,97376.527,97376.527
2025-2-6 00:00:00,97376.527,97376.527,97376.527,97376.527
2025-2-6 00:00:00,97376.527,97376.527,97376.527,97376.527
2025-2-6 00:00:00,97376.527,97376.527,97376.527,97376.527
2025-2-6 00:00:00,97376.527,97376.527,97376.527,97376.527
2025-2-6 00:00:00,97376.527,97376.527,97376.527,97376.527
2025-2-6 00:00:00,97376.527,97376.527,97376.527,97376.527
2025-2-6 00:00:00,97376.527,97376.527,97376.527,97376.527
2025-2-6 00:00:00,97376.527,97376.527,97376.527,97376.527
2025-2-6 00:00:00,97376.527,97376.527,97376.527,97376.527
2025-2-6 00:00:00,97376.527,97376.527,97376.527,97376.527
2025-2-6 00:00:00,97376.527,97376.527,97376.527,97376.527
2025-2-6 00:00:00,97376.527,97376.527,97376.527,97376.527
2025-2-6 00:00:00,97376.527,97376.527,97376.527,97376.527
2025-2-6 00:00:00,97376.527,97376.527,97376.527,97376.527
2025-2-6 00:00:00,97376.527,97376.527,97376.527,97376.527
2025-2-6 00:00:00,97376.527,97376.527,97376.527,97376.527
2025-2-6 00:00:00,97376.527,97376.527,97376.527,97376.527
2025-2-6 00:00:00,97376.527,97376.527,97376.527,97376.527
2025-2-6 00:00:00,97376.527,97376.527,97376.527,97376.527
2025-2-6 00:00:00,97376.527,97376.527,97376.527,97376.527
2025-2-6 00:00:00,97376.527,97376.527,97376.527,97376.527
2025-2-6 00:00:00,97376.527,97376.527,97376.527,97376.527
2025-2-6 00:00:00,97376.527,97376.527,97376.527,97376.527
2025-2-6 00:00:00,97376.527,97376.527,97376.527,97376.527
2025-2-6 00:00:00,97376.527,97376.527,97376.527,97376.527
2025-2-6 00:00:00,97376.527,97376.527,97376.527,97376.527
2025-2-6 00:00:00,97376.527,97376.527,97376.527,97376.527
2025-2-6 00:00:00,97376.527,97376.527,97376.527,97376.527
2025-2-6 00:00:00,97376.527,97376.527,97376.527,97376.527
2025-2-6 00:00:00,97376.527,97376.527,97376.527,97376.527
2025-2-6 00:00:00,97376.527,97376.527,97376.527,97376.527
2025-2-6 00:00:00,97376.527,97376.527,97376.527,97376.527
2025-2-6 00:00:00,97376.527,97376.527,97376.527,97376.527
2025-2-6 00:00:00,97376.527,97376.527,97376.527,97376.527
2025-2-6 00:00:00,97376.527,97376.527,97376.527,97376.527
2025-2-6 00:00:00,97376.527,97376.527,97376.527,97376.527
2025-2-6 00:00:00,97376.527,97376.527,97376.527,97376.527
2025-2-6 00:00:00,97376.527,97376.527,97376.527,97376.527
2025-2-6 00:00:00,97376.527,97376.527,97376.527,97376.527
2025-2-6 00:00:00,97376.527,97376.527,97376.527,97376.527
2025-2-6 00:00:00,97376.527,97376.527,97376.527,97376.527
2025-2-6 00:00:00,97376.527,97376.527,97376.527,97376.527
2025-2-6 00:00:00,97376.527,97376.527,97376.527,97376.527
2025-2-6 00:00:00,97376.527,97376.527,97376.527,97376.527
2025-2-6 00:00:00,97376.527,97376.527,97376.527,97376.527
2025-2-6 00:00:00,97376.527,97376.527,97376.527,97376.527
2025-2-6 00:00:00,97376.527,97376.527,97376.527,97376.527
2025-2-6 00:00:00,97376.527,97376.527,97376.527,97376.527
2025-2-6 00:00:00,97376.527,97376.527,97376.527,97376.527
2025-2-6 00:00:00,97376.527,97376.527,97376.527,97376.527
2025-2-6 00:00:00,97376.527,97376.527,97376.527,97376.527
2025-2-6 00:00:00,97376.527,97376.527,97376.527,97376.527
2025-2-6 00:00:00,97376.527,97376.527,97376.527,97376.527
2025-2-6 00:00:00,97376.527,97376.527,97376.527,97376.527
2025-2-6 00:00:00,97376.527,97376.527,97376.527,97376.527
2025-2-6 00:00:00,97376.527,97376.527,97376.527,97376.527
2025-2-6 00:00:00,97376.527,97376.527,97376.527,97376.527
2025-2-6 00:00:00,97376.527,97376.527,97376.527,97376.527
2025-2-6 00:00:00,97376.527,97376.527,97376.527,97376.527
2025-2-6 00:00:00,97376.527,97376.527,97376.527,97376.527
2025-2-6 00:00:00,97376.527,97376.527,97376.527,97376.527
2025-2-6 00:00:00,97376.527,97376.527,97376.527,97376.527
2025-2-6 00:00:00,97376.527,97376.527,97376.527,97376.527
2025-2-6 00:00:00,97376.527,97376.527,97376.527,97376.527
2025-2-6 00:00:00,97376.527,97376.527,97376.527,97376.527
2025-2-6 00:00:00,97376.527,97376.527,97376.527,97376.527
2025-2-6 00:00:00,97376.527,97376.527,97376.527,97376.527
2025-2-6 00:00:00,97376.527,97376.527,97376.527,97376.527
2025-2-6 00:00:00,97376.527,97376.527,97376.527,97376.527
2025-2-6 00:00:00,97376.527,97376.527,97376.527,97376.527
2025-2-6 00:00:00,97376.527,97376.527,97376.527,97376.527
2025-2-6 00:00:00,97376.527,97376.527,97376.527,97376.527
2025-2-6 00:00:00,97376.527,97376.527,97376.527,97376.527
2025-2-6 00:00:00,97376.527,97376.527,97376.527,97376.527
2025-2-6 00:00:00,97376.527,97376.527,97376.527,97376.527
2025-2-6 00:00:00,97376.527,97376.527,97376.527,97376.527
2025-2-6 00:00:00,97376.527,97376.527,97376.527,97376.527
2025-2-6 00:00:00,97376.527,97376.527,97376.527,97376.527
2025-2-6 00:00:00,97376.527,97376.527,97376.527,97376.527
2025-2-6 00:00:00,97376.527,97376.527,97376.527,97376.527
2025-2-6 00:00:00,97376.527,97376.527,97376.527,97376.527
2025-2-6 00:00:00,97376.527,97376.527,97376.527,97376.527
2025-2-6 00:00:00,97376.527,97376.527,97376.527,97376.527
2025-2-6 00:00:00,97376.527,97376.527,97376.527,97376.527
2025-2-6 00:00:00,97376.527,97376.527,97376.527,97376.527
2025-2-6 00:00:00,97376.527,97376.527,97376.527,97376.527
2025-2-6 00:00:00,97376.527,97376.527,97376.527,97376.527
2025-2-6 00:00:00,97376.527,97376.527,97376.527,97376.527
2025-2-6 00:00:00,97376.527,97376.527,97376.527,97376.527
2025-2-6 00:00:00,97376.527,97376.527,97376.527,97376.527
2025-2-6 00:00:00,97376.527,97376.527,97376.527,97376.527
2025-2-6 00:00:00,97376.527,97376.527,97376.527,97376.527
2025-2-6 00:00:00,97376.527,97376.527,97376.527,97376.527
2025-2-6 00:00:00,97376.527,97376.527,97376.527,97376.527
2025-2-6 00:00:00,97376.527,97376.527,97376.527,97376.527
2025-2-6 00:00:00,97376.527,97376.527,97376.527,97376.527
2025-2-6 00:00:00,97376.527,97376.527,97376.527,97376.527
2025-2-6 00:00:00,97376.527,97376.527,97376.527,97376.527
2025-2-6 00:00:00,97376.527,97376.527,97376.527,97376.527
2025-2-6 00:00:00,97376.527,97376.527,97376.527,97376.527
2025-2-6 00:00:00,97376.527,97376.527,97376.527,97376.527
2025-2-6 00:00:00,97376.527,97376.527,97376.527,97376.527
2025-2-6 00:00:00,97376.527,97376.527,97376.527,97376.527
2025-2-6 00:00:00,97376.527,97376.527,97376.527,97376.527
2025-2-6 00:00:00,97376.527,97376.527,97376.527,97376.527
2025-2-6 00:00:00,97376.527,97376.527,97376.527,97376.527
2025-2-6 00:00:00,97376.527,97376.527,97376.527,97376.527
2025-2-6 00:00:00,97376.527,97376.527,97376.527,97376.527
2025-2-6 00:00:00,97376.527,97376.527,97376.527,97376.527
2025-2-6 00:00:00,97376.527,97376.527,97376.527,97376.527
2025-2-6 00:00:00,97376.527,97376.527,97376.527,97376.527
2025-2-6 00:00:00,97376.527,97376.527,97376.527,97376.527
2025-2-6 00:00:00,97376.527,97376.527,97376.527,97376.527
2025-2-6 00:00:00,97376.527,97376.527,97376.527,97376.527
2025-2-6 00:00:00,97376.527,97376.527,97376.527,97376.527
2025-2-6 00:00:00,97376.527,97376.527,97376.527,97376.527
2025-2-6 00:00:00,97376.527,97376.527,97376.527,97376.527
2025-2-6 00:00:00,97376.527,97376.527,97376.527,97376.527
2025-2-6 00:00:00,97376.527,97376.527,97376.527,97376.527
2025-2-6 00:00:00,97376.527,97376.527,97376.527,97376.527
2025-2-6 00:00:00,97376.527,97376.527,97376.527,97376.527
2025-2-6 00:00:00,97376.527,97376.527,97376.527,97376.527
2025-2-6 00:00:00,97376.527,97376.527,97376.527,97376.527
2025-2-6 00:00:00,97376.527,97376.527,97376.527,97376.527
2025-2-6 00:00:00,97376.527,97376.527,97376.527,97376.527
2025-2-6 00:00:00,97376.527,97376.527,97376.527,97376.527
2025-2-6 00:00:00,97376.527,97376.527,97376.527,97376.527
2025-2-6 00:00:00,97376.527,97376.527,97376.527,97376.527
2025-2-6 00:00:00,97376.527,97376.527,97376.527,97376.527
2025-2-6 00:00:00,97376.527,97376.527,97376.527,97376.527
2025-2-6 00:00:00,97376.527,97376.527,97376.527,97376.527
2025-2-6 00:00:00,97376.527,97376.527,97376.527,97376.527
2025-2-6 00:00:00,97376.527,97376.527,97376.527,97376.527
2025-2-6 00:00:00,97376.527,97376.527,97376.527,97376.527
2025-2-6 00:00:00,97376.527,97376.527,97376.527,97376.527
2025-2-6 00:00:00,97376.527,97376.527,97376.527,97376.527
2025-2-6 00:00:00,97376.527,97376.527,97376.527,97376.527
2025-2-6 00:00:00,97376.527,97376.527,97376.527,97376.527
2025-2-6 00:00:00,97376.527,97376.527,97376.527,97376.527
2025-2-6 00:00:00,97376.527,97376.527,97376.527,97376.527
2025-2-6 00:00:00,97376.527,97376.527,97376.527,97376.527
2025-2-6 00:00:00,97376.527,97376.527,97376.527,97376.527
2025-2-6 00:00:00,97376.527,97376.527,97376.527,97376.527
2025-2-6 00:00:00,97376.527,97376.527,97376.527,97376.527
2025-2-6 00:00:00,97376.527,97376.527,97376.527,97376.527
2025-2-6 00:00:00,97376.527,97376.527,97376.527,97376.527
2025-2-6 00:00:00,97376.527,97376.527,97376.527,97376.527
2025-2-6 00:00:00,97376.527,97376.527,97376.527,97376.527
2025-2-6 00:00:00,97376.527,97376.527,97376.527,97376.527
2025-2-6 00:00:00,97376.527,97376.527,97376.527,97376.527
2025-2-6 00:00:00,97376.527,97376.527,97376.527,97376.527
2025-2-6 00:00:00,97376.527,97376.527,97376.527,97376.527
2025-2-6 00:00:00,97376.527,97376.527,97376.527,97376.527
2025-2-6 00:00:00,97376.527,97376.527,97376.527,97376.527
2025-2-6 00:00:00,97376.527,97376.527,97376.527,97376.527
2025-2-6 00:00:00,97376.527,97376.527,97376.527,97376.527
2025-2-6 00:00:00,97376.527,97376.527,97376.527,97376.527
2025-2-6 00:00:00,97376.527,97376.527,97376.527,97376.527
2025-2-6 00:00:00,97376.527,97376.527,97376.527,97376.527
2025-2-6 00:00:00,97376.527,97376.527,97376.527,97376.527
2025-2-6 00:00:00,97376.527,97376.527,97376.527,97376.527
2025-2-6 00:00:00,97376.527,97376.527,97376.527,97376.527
2025-2-6 00:00:00,97376.527,97376.527,97376.527,97376.527
2025-2-6 00:00:00,97376.527,97376.527,97376.527,97376.527
2025-2-6 00:00:00,97376.527,97376.527,97376.527,97376.527
2025-2-6 00:00:00,97376.527,97376.527,97376.527,97376.527
2025-2-6 00:00:00,97376.527,97376.527,97376.527,97376.527
2025-2-6 00:00:00,97376.527,97376.527,97376.527,97376.527
2025-2-6 00:00:00,97376.527,97376.527,97376.527,97376.527
2025-2-6 00:00:00,97376.527,97376.527,97376.527,97376.527
2025-2-6 00:00:00,97376.527,97376.527,97376.527,97376.527
2025-2-6 00:00:00,97376.527,97376.527,97376.527,97376.527
2025-2-6 00:00:00,97376.527,97376.527,97376.527,97376.527
2025-2-6 00:00:00,97376.527,97376.527,97376.527,97376.527
2025-2-6 00:00:00,97376.527,97376.527,97376.527,97376.527
2025-2-6 00:00:00,97376.527,97376.527,97376.527,97376.527
2025-2-6 00:00:00,97376.527,97376.527,97376.527,97376.527
2025-2-6 00:00:00,97376.527,97376.527,97376.527,97376.527
2025-2-6 00:00:00,97376.527,97376.527,97376.527,97376.527
2025-2-6 00:00:00,97376.527,97376.527,97376.527,97376.527
2025-2-6 00:00:00,97376.527,97376.527,97376.527,97376.527
2025-2-6 00:00:00,97376.527,97376.527,97376.527,97376.527
2025-2-6 00:00:00,97376.527,97376.527,97376.527,97376.527
2025-2-6 00:00:00,97376.527,97376.527,97376.527,97376.527
2025-2-6 00:00:00,97376.527,97376.527,97376.527,97376.527
2025-2-6 00:00:00,97376.527,97376.527,97376.527,97376.527
2025-2-6 00:00:00,97376.527,97376.527,97376.527,97376.527
2025-2-6 00:00:00,97376.527,97376.527,97376.527,97376.527
2025-2-6 00:00:00,97376.527,97376.527,97376.527,97376.527
2025-2-6 00:00:00,97376.527,97376.527,97376.527,97376.527
2025-2-6 00:00:00,97376.527,97376.527,97376.527,97376.527
2025-2-6 00:00:00,97376.527,97376.527,97376.527,97376.527
2025-2-6 00:00:00,97376.527,97376.527,97376.527,97376.527
2025-2-6 00:00:00,97376.527,97376.527,97376.527,97376.527
2025-2-6 00:00:00,97376.527,97376.527,97376.527,97376.527
2025-2-6 00:00:00,97376.527,97376.527,97376.527,97376.527
2025-2-6 00:00:00,97376.527,97376.527,97376.527,97376.527
2025-2-6 00:00:00,97376.527,97376.527,97376.527,97376.527
2025-2-6 00:00:00,97376.527,97376.527,97376.527,97376.527
2025-2-6 00:00:00,97376.527,97376.527,97376.527,97376.527
2025-2-6 00:00:00,97376.527,97376.527,97376.527,97376.527
2025-2-6 00:00:00,97376.527,97376.527,97376.527,97376.527
2025-2-6 00:00:00,97376.527,97376.527,97376.527,97376.527
2025-2-6 00:00:00,97376.527,97376.527,97376.527,97376.527
2025-2-6 00:00:00,97376.527,97376.527,97376.527,97376.527
2025-2-6 00:00:00,97376.527,97376.527,97376.527,97376.527
2025-2-6 00:00:00,97376.527,97376.527,97376.527,97376.527
2025-2-6 00:00:00,97376.527,97376.527,97376.527,97376.527
2025-2-6 00:00:00,97376.527,97376.527,97376.527,97376.527
2025-2-6 00:00:00,97376.527,97376.527,97376.527,97376.527
2025-2-6 00:00:00,97376.527,97376.527,97376.527,97376.527
2025-2-6 00:00:00,97376.527,97376.527,97376.527,97376.527
2025-2-6 00:00:00,97376.527,97376.527,97376.527,97376.527
2025-2-6 00:00:00,97376.527,97376.527,97376.527,97376.527
2025-2-6 00:00:00,97376.527,97376.527,97376.527,97376.527
2025-2-6 00:00:00,97376.527,97376.527,97376.527,97376.527
2025-2-6 00:00:00,97376.527,97376.527,97376.527,97376.527
2025-2-6 00:00:00,97376.527,97376.527,97376.527,97376.527
2025-2-6 00:00:00,97376.527,97376.527,97376.527,97376.527
2025-2-6 00:00:00,97376.527,97376.527,97376.527,97376.527
